molecule_chembl_id,canonical_smiles,pchembl_value,document_year,active,activity_id
CHEMBL309334,N#CC(C#N)=C(N)/C(C#N)=C/c1ccc(O)c(O)c1,5.6,1989,False,65265
CHEMBL309625,N#CC(C#N)=C(N)/C(C#N)=C/c1ccc(O)c([N+](=O)[O-])c1,4.22,1989,False,35296
CHEMBL310798,N#CC(C#N)=Cc1cc(O)c(O)c(O)c1,5.52,1989,False,36518
CHEMBL311119,N#CC(C#N)=Cc1ccc(C=O)cc1,4.22,1989,False,53761
CHEMBL73820,N#C/C(=C\c1ccc(O)c(O)c1)C(=O)O,4.6,1989,False,71725
CHEMBL76642,N#C/C(=C/c1cc(O)ccc1O)C(=O)O,4.12,1989,False,57445
CHEMBL76904,N#CC(C#N)=Cc1ccc(O)c(O)c1,4.46,1989,False,34049
CHEMBL76905,N#CC(C#N)=Cc1cc(O)cc(O)c1,4.43,1989,False,53763
CHEMBL76985,N#C/C(=C\c1ccc(C=O)cc1)C(=O)O,4.33,1989,False,49988
CHEMBL77030,N#C/C(=C\c1ccc(O)c(O)c1)C(N)=S,5.62,1989,False,67808
CHEMBL77085,N#CC(C#N)=Cc1cc(O)ccc1[N+](=O)[O-],4.02,1989,False,32780
CHEMBL77243,CCCCc1cc(/C=C(\C#N)C(N)=O)cc(CCCC)c1O,4.26,1989,False,61373
CHEMBL77803,N#CC(C#N)=C(N)/C(C#N)=C/c1cc(O)c(O)c(Br)c1,6.3,1989,False,71728
CHEMBL78257,N#CC(C#N)=C(N)/C(C#N)=C/c1cc(O)c(O)c(O)c1,6.1,1989,False,64040
CHEMBL80155,COc1cc(C=C(C#N)C#N)cc(O)c1O,5.22,1989,False,54990
CHEMBL291313,N#CC(C#N)=C1C(=O)Nc2ccc([N+](=O)[O-])cc21,4.7,1991,False,1154214
CHEMBL291986,N#C/C(=C\c1ccc(O)c(O)c1)C(=O)N1CCN(c2ccccc2)CC1,5.37,1991,False,1170279
CHEMBL293584,N#CC(C#N)=C1CCc2cc(O)c(O)cc21,6.3,1991,False,1183293
CHEMBL296407,N#C/C(=C\c1ccc(O)c(O)c1)C(N)=O,5.4,1991,False,695860
CHEMBL307481,O=[N+]([O-])/C=C/c1ccc(O)cc1,5.0,1991,False,783054
CHEMBL309016,COc1cc(/C=C/[N+](=O)[O-])ccc1O,5.1,1991,False,771708
CHEMBL309075,NCCNC(=O)c1ccc(S(=O)(=O)Oc2ccc(/C=C/[N+](=O)[O-])cc2)cc1,5.27,1991,False,757594
CHEMBL309392,C[C@@H](NC(=O)c1ccc(S(=O)(=O)Oc2ccc(/C=C/[N+](=O)[O-])cc2)cc1)C(=O)N[C@H](C)C(=O)NCCN,4.77,1991,False,774218
CHEMBL311133,C[C@@H](NC(=O)[C@@H](C)NC(=O)c1ccc(S(=O)(=O)Oc2ccc(/C=C/[N+](=O)[O-])cc2)cc1)C(=O)O,5.16,1991,False,778541
CHEMBL312451,C[C@@H](NC(=O)c1ccc(S(=O)(=O)Oc2ccc(/C=C/[N+](=O)[O-])cc2)cc1)C(=O)N[C@H](C)C(=O)OC(C)(C)C,4.4,1991,False,788634
CHEMBL417941,N#C/C(=C\c1ccc(O)c(O)c1)C(=O)NC1CCCCC1,5.8,1991,False,1172796
CHEMBL418907,COc1cc(/C=C/[N+](=O)[O-])ccc1OS(=O)(=O)c1ccc(C(=O)O)cc1,5.55,1991,False,779700
CHEMBL440298,N#C/C(=C\c1ccc(O)c(O)c1)C(=O)NCCCCc1ccccc1,5.96,1991,False,1169053
CHEMBL453502,COc1cc(/C=C/[N+](=O)[O-])ccc1OS(=O)(=O)c1ccc(C(=O)OC[C@H]2O[C@@H](n3cnc4c(N)ncnc43)[C@H](O)[C@@H]2O)cc1,6.3,1991,False,785277
CHEMBL46946,O=CN/C=C/c1ccc(O)c(O)c1,5.16,1991,False,707893
CHEMBL47660,N#C/C(=C\c1cc(O)ccc1O)C(N)=O,5.0,1991,False,694287
CHEMBL505705,Nc1ncnc2c1ncn2[C@@H]1O[C@H](COC(=O)c2ccc(S(=O)(=O)Oc3ccc(/C=C/[N+](=O)[O-])cc3)cc2)[C@@H](O)[C@H]1O,6.22,1991,False,775321
CHEMBL54471,Cc1ccc(C(=O)/C(C#N)=C/c2ccc(O)c(O)c2)cc1,6.06,1991,False,1144128
CHEMBL55204,N#C/C(=C\c1ccc(O)c(O)c1)C(=O)c1ccc(F)cc1,6.25,1991,False,1165160
CHEMBL55360,Cc1cccc(C)c1NC(=O)/C(C#N)=C/c1ccc(O)c(O)c1,5.29,1991,False,1162213
CHEMBL55979,CC(NC(=O)/C(C#N)=C/c1ccc(O)c(O)c1)c1ccccc1,6.4,1991,False,1145373
CHEMBL55993,Cc1cc(C)c(C(=O)/C(C#N)=C/c2ccc(O)c(O)c2)c(C)c1,4.97,1991,False,1162210
CHEMBL55994,N#C/C(=C\c1ccc(O)c(O)c1)C(=O)c1cccs1,5.51,1991,False,1159508
CHEMBL56201,CN1C(=O)C(=C(C#N)C#N)c2cc(O)ccc21,4.58,1991,False,1181975
CHEMBL56219,N#C/C(=C\c1ccc(O)c(O)c1)C(=O)Nc1ccccc1Cl,5.96,1991,False,1146728
CHEMBL56319,CCOC(=O)C(Cc1ccccc1)NC(=O)/C(C#N)=C/c1ccc(O)c(O)c1,5.82,1991,False,1174092
CHEMBL56455,COc1ccc(CCNC(=O)/C(C#N)=C/c2ccc(O)c(O)c2)cc1OC,5.77,1991,False,1145378
CHEMBL56542,N#C/C(=C\c1ccc(O)c(O)c1)C(=O)N1CCc2ccccc21,5.68,1991,False,1151710
CHEMBL56731,N#C/C(=C\c1ccc(O)c(O)c1)C(=O)Nc1ccccc1,6.16,1991,False,1151705
CHEMBL56964,COc1cc2c(cc1O)NC(=O)C2=C(C#N)C#N,4.22,1991,False,1174090
CHEMBL57251,COc1ccc(NC(=O)/C(C#N)=C/c2ccc(O)c(O)c2)c(OC)c1,5.77,1991,False,1148095
CHEMBL57300,N#CC(C#N)=C1CCc2c1ccc(O)c2O,5.16,1991,False,1180615
CHEMBL57462,N#CC(C#N)=C1C(=O)Nc2cc(O)c(O)cc21,5.6,1991,False,1159506
CHEMBL59145,N#C/C(=C\c1ccc(O)c(O)c1)C(=O)c1ccccc1Cl,5.81,1991,False,1165016
CHEMBL74432,CNC(=O)c1ccc(S(=O)(=O)Oc2ccc(/C=C/[N+](=O)[O-])cc2)cc1,6.4,1991,False,787623
CHEMBL76929,COC(=O)c1ccc(S(=O)(=O)Oc2ccc(/C=C/[N+](=O)[O-])cc2)cc1O,5.75,1991,False,778538
CHEMBL76958,O=C(O)c1ccc(S(=O)(=O)Oc2ccc(/C=C/[N+](=O)[O-])cc2)cc1,6.0,1991,False,756378
CHEMBL77100,CCCCNC(=O)c1ccc(S(=O)(=O)Oc2ccc(/C=C/[N+](=O)[O-])cc2)cc1,5.32,1991,False,782024
CHEMBL77397,COc1cc(/C=C(\C)[N+](=O)[O-])ccc1OS(=O)(=O)c1ccc(C(=O)O)cc1,5.6,1991,False,771712
CHEMBL77401,COC(=O)c1ccc(S(=O)(=O)Oc2ccc(/C=C/[N+](=O)[O-])cc2)cc1,5.82,1991,False,782020
CHEMBL78206,CC(C)(C)NC(=O)c1ccc(S(=O)(=O)Oc2ccc(/C=C/[N+](=O)[O-])cc2)cc1,5.89,1991,False,784236
CHEMBL78224,O=[N+]([O-])/C=C/c1ccc(O)c(O)c1,5.06,1991,False,762840
CHEMBL78280,CNC(=O)c1ccc(S(=O)(=O)Oc2ccc(/C=C(\C)[N+](=O)[O-])cc2OC)cc1,5.4,1991,False,761905
CHEMBL1202061,CCOC(=O)C(=O)Oc1ccc(-c2c(C(=O)OCC)oc3cc(O)cc(O)c3c2=O)cc1.O=C(O)C(=O)O,6.0,1992,False,2202612
CHEMBL296582,O=C(NCc1ccccc1)c1cc2cc(O)c(O)cc2cn1,5.51,1992,False,963525
CHEMBL309598,N#CC(C#N)=C(O)c1cc(O)c(O)c(O)c1,5.0,1992,False,2202718
CHEMBL418906,CC(C)(C)OC(=O)NCCNC(=O)c1ccc(S(=O)(=O)Oc2ccc(/C=C/[N+](=O)[O-])cc2)cc1,6.0,1992,False,2202708
CHEMBL449093,O=C(O)c1ccc(S(=O)(=O)Oc2ccc(/C=C/[N+](=O)[O-])cc2)cc1O,7.3,1992,True,2202757
CHEMBL454002,N#CC(C#N)=C(C#N)c1cc(O)cc(O)c1,5.0,1992,False,2202719
CHEMBL474267,N#CC(C#N)=C(C#N)c1ccc(O)c(O)c1,5.0,1992,False,2202720
CHEMBL483232,CCOc1cc(/C=C(\C#N)C(N)=O)cc(CSc2cccc(OC)c2)c1O,5.4,1992,False,2202623
CHEMBL483233,CCOc1cc(/C=C(\C#N)C(N)=O)cc(CSc2ccc(O)cc2)c1O,5.52,1992,False,2202624
CHEMBL483234,C[C@H](NC(=O)c1ccc(S(=O)(=O)Oc2ccc(/C=C/[N+](=O)[O-])cc2)cc1)C(=O)N[C@@H](C)C(=O)OC(C)(C)C,4.4,1992,False,2202745
CHEMBL48436,O=C(NCc1ccccc1)c1cc2ccc(O)c(O)c2cn1,5.85,1992,False,959794
CHEMBL485065,Cl.NCCNC(=O)c1ccc(S(=O)(=O)Oc2ccc(/C=C/[N+](=O)[O-])cc2)cc1,5.3,1992,False,2202753
CHEMBL485070,CCOc1cc(/C=C(\C#N)C(N)=O)cc(CSc2ccccc2)c1O,6.4,1992,False,2202604
CHEMBL48650,O=C(Nc1ccccc1)c1cc2ccc(O)c(O)c2cn1,5.11,1992,False,963527
CHEMBL488101,C[C@H](NC(=O)c1ccc(S(=O)(=O)Oc2ccc(/C=C/[N+](=O)[O-])cc2)cc1)C(=O)N[C@@H](C)C(=O)NCCN.Cl,4.7,1992,False,2202724
CHEMBL489147,COc1cc(C(C#N)=C(C#N)C#N)cc(O)c1O,5.22,1992,False,2202766
CHEMBL490569,N#C/C(=C\c1cc(CSc2ccccc2)c(O)c(OCc2ccccc2)c1)C(N)=O,6.1,1992,False,2202622
CHEMBL490570,CC(C)(C)c1cc(/C=C(\C#N)C(N)=O)cc(C(C)(C)C)c1O,4.3,1992,False,2202620
CHEMBL490577,N#C/C(=C/c1ccc(O)c(O)c1)C(=O)NCCCCc1ccccc1,7.0,1992,True,2202714
CHEMBL490768,N#C/C(=C\c1cc(-c2ccccc2)c(O)c(-c2ccccc2)c1)C(N)=O,6.4,1992,False,2202617
CHEMBL490774,N#C/C(=C/c1ccc(O)c(O)c1)C(=O)NC1CCCCC1,5.7,1992,False,2202729
CHEMBL490775,C[C@H](NC(=O)[C@H](C)NC(=O)c1ccc(S(=O)(=O)Oc2ccc(/C=C/[N+](=O)[O-])cc2)cc1)C(=O)O,5.16,1992,False,2202767
CHEMBL490780,CCOc1cc(/C=C2/CCNC2=O)cc(CSc2ccccc2)c1O,6.05,1992,False,2202605
CHEMBL490987,CC(C)NC(=O)c1ccc(S(=O)(=O)Oc2ccc(/C=C/[N+](=O)[O-])cc2)cc1,6.0,1992,False,2202709
CHEMBL492199,N#CC(C#N)=C(C#N)c1cc(O)c(O)c(O)c1,5.52,1992,False,2202740
CHEMBL49350,O=C(NCCc1ccccc1)c1cc2ccc(O)c(O)c2cn1,5.85,1992,False,946785
CHEMBL501368,N#C/C(=C\c1cc(O)ccc1O)C(=O)O,4.7,1992,False,2202731
CHEMBL50415,O=C(Nc1ccccc1)c1cc2cc(O)c(O)cc2cn1,5.25,1992,False,962265
CHEMBL504173,CC(C)c1cc(/C=C(\C#N)C(N)=O)cc(C(C)C)c1O,6.0,1992,False,2202619
CHEMBL520493,N#C/C(=C/c1ccc(O)c(O)c1)C(=O)Nc1ccccc1Cl,5.0,1992,False,2202713
CHEMBL520839,CCOc1cc(/C=C(\C#N)C(N)=O)cc(CSc2ccc(C)cc2)c1O,4.7,1992,False,2202626
CHEMBL522116,CSCc1cc(/C=C2\C(=O)Nc3ccccc32)cc(CSC)c1O,6.4,1992,False,2202607
CHEMBL538909,N#C/C(=C/c1cc(Cc2ccccc2)c(O)c(Cc2ccccc2)c1)C(N)=O,6.22,1992,False,2202621
CHEMBL55748,N#CC(C#N)=C1C(=O)Nc2ccc(O)cc21,5.0,1992,False,2202613
CHEMBL56132,N#C/C(=C\c1ccc(O)c(O)c1)C(=O)c1ccccc1,6.0,1992,False,2202712
CHEMBL56879,N#C/C(=C\c1ccc(O)c(O)c1)C(=O)c1ccc([N+](=O)[O-])cc1,5.7,1992,False,2202727
CHEMBL76589,N#CC(C#N)=C(N)/C(C#N)=C/c1ccc(O)cc1,7.0,1992,True,2202716
CHEMBL77688,O=C(O)c1ccc(S(=O)(=O)Oc2ccc(/C=C/[N+](=O)[O-])cc2)c(O)c1,6.52,1992,True,2202735
CHEMBL78049,C/C(=C\c1ccc(O)c(O)c1)[N+](=O)[O-],5.05,1992,False,2202774
CHEMBL80745,COc1cc(/C=C(\C#N)C(N)=C(C#N)C#N)cc(O)c1O,6.0,1992,False,2202717
CHEMBL85021,CC(C)c1cc(/C=C2\C(=O)Nc3ccccc32)cc(C(C)C)c1O,6.4,1992,False,2202606
CHEMBL115519,COc1cc(/C=C(\C#N)C(N)=O)cc(CSc2nc3cc(Cl)ccc3s2)c1O,5.36,1993,False,776956
CHEMBL115895,COc1cc(/C=C(\C#N)C(N)=O)cc(CSc2ccccc2NC(C)=O)c1O,5.25,1993,False,786019
CHEMBL116423,Cc1cc(C=C(C#N)C#N)cc(O)c1O,5.25,1993,False,786027
CHEMBL116547,COc1cc(/C=C(\C#N)C(=O)c2ccc(O)c(O)c2)cc(CSCc2ccccc2)c1O,6.12,1993,False,759231
CHEMBL118109,COc1cc(/C=C(\C#N)C(N)=O)cc(CSc2nc3ccccc3s2)c1O,4.73,1993,False,779149
CHEMBL119923,COc1cc(/C=C(\C#N)C(N)=O)cc(CSCc2ccc(Cl)cc2)c1O,4.83,1993,False,755921
CHEMBL120719,COc1cc(C=C(C#N)C#N)cc(CSCC(=O)O)c1O,4.27,1993,False,787154
CHEMBL122522,COc1cc(C=C(C#N)C#N)cc(CSc2ccccc2)c1O,5.22,1993,False,762434
CHEMBL129930,COC(=O)c1cc(NCc2cc(O)ccc2O)ccc1OC,5.02,1993,False,128255
CHEMBL132907,COC(=O)c1cc(NCc2ccccc2O)ccc1O,4.7,1993,False,111721
CHEMBL133283,COC(=O)c1ccc(NCc2cc(O)ccc2O)cc1O,5.0,1993,False,130926
CHEMBL309276,O=C(O)CCC1C(S)=Nc2ccccc21,5.79,1993,False,367209
CHEMBL309765,CN1C(=S)C(CCC(=O)O)c2ccccc21,5.17,1993,False,352831
CHEMBL312001,COC(=O)CC1C(S)=Nc2ccccc21,4.0,1993,False,388710
CHEMBL326044,COc1cc(/C=C(\C#N)C(N)=O)cc(CSCCCC(=O)O)c1O,5.19,1993,False,769122
CHEMBL330879,COc1cc(/C=C(\C#N)C(N)=O)cc(CSc2ccc3ccccc3c2)c1O,5.77,1993,False,776961
CHEMBL333553,N#C/C(=C\c1cc(O)c(O)c(CSc2nc3ccccc3s2)c1)C(N)=O,5.5,1993,False,757025
CHEMBL334032,COc1cc(C=C(C#N)C#N)cc(CS(=O)(=O)c2ccc(C)cc2)c1O,4.82,1993,False,774822
CHEMBL334334,COC(=O)c1cccc(NCc2cc(O)ccc2O)c1,5.05,1993,False,110240
CHEMBL419047,COc1cc(/C=C(\C#N)C(N)=O)cc(CSc2ccc(O)cc2)c1O,5.7,1993,False,757023
CHEMBL419650,O=C(O)Cc1c(SSc2[nH]c3ccccc3c2CC(=O)O)[nH]c2ccccc12,4.99,1993,False,364250
CHEMBL423159,COC(=O)c1cc(NCc2cccc(O)c2)ccc1O,4.68,1993,False,119396
CHEMBL47986,O=CN/C=C/c1cc(O)ccc1O,5.7,1993,False,362610
CHEMBL79531,O=C(O)CCCc1c(SSc2[nH]c3ccccc3c2CCCC(=O)O)[nH]c2ccccc12,4.75,1993,False,358713
CHEMBL79621,COC(=O)Cc1c(SSSc2[nH]c3ccccc3c2CC(=O)OC)[nH]c2ccccc12,4.46,1993,False,371313
CHEMBL79704,O=C(O)CCc1c(SSc2[nH]c3ccccc3c2CCC(=O)O)[nH]c2ccccc12,5.38,1993,False,379779
CHEMBL79808,COC(=O)CCc1c(SSc2[nH]c3ccccc3c2CCC(=O)OC)[nH]c2ccccc12,4.68,1993,False,360083
CHEMBL79970,O=C(O)Cc1c(SSSc2[nH]c3ccccc3c2CC(=O)O)[nH]c2ccccc12,5.03,1993,False,369987
CHEMBL81480,Cc1ccc2c(CCC(=O)O)c(SSc3[nH]c4cc(C)ccc4c3CCC(=O)O)[nH]c2c1,5.54,1993,False,369989
CHEMBL81664,Cc1cccc2c(CCC(=O)O)c(SSc3[nH]c4c(C)cccc4c3CCC(=O)O)[nH]c12,5.82,1993,False,385536
CHEMBL82214,Cn1c(SSc2c(CCCC(=O)O)c3ccccc3n2C)c(CCCC(=O)O)c2ccccc21,5.08,1993,False,369990
CHEMBL83429,O=C(O)CC1C(S)=Nc2ccccc21,4.83,1993,False,388709
CHEMBL83559,Cc1ccc2[nH]c(SSc3[nH]c4ccc(C)cc4c3CCC(=O)O)c(CCC(=O)O)c2c1,5.08,1993,False,358711
CHEMBL83837,COC(=O)Cc1c(SSc2c(CC(=O)OC)c3ccccc3n2C)n(C)c2ccccc12,4.48,1993,False,361249
CHEMBL83838,COC(=O)Cc1c(SSc2[nH]c3ccccc3c2CC(=O)OC)[nH]c2ccccc12,4.75,1993,False,389992
CHEMBL84141,Cn1c(SSc2c(CC(=O)O)c3ccccc3n2C)c(CC(=O)O)c2ccccc21,4.28,1993,False,372730
CHEMBL84143,Cn1c(SSc2c(CCC(=O)O)c3ccccc3n2C)c(CCC(=O)O)c2ccccc21,5.51,1993,False,387040
CHEMBL84513,O=C(O)CCCC1C(S)=Nc2ccccc21,5.17,1993,False,358710
CHEMBL103552,O=C(O)c1cc(N(Cc2ccccc2O)Cc2cc(O)ccc2O)ccc1O,5.39,1994,False,1200013
CHEMBL103860,O=C(O)c1cc(CCc2cc(O)ccc2O)ccc1O,5.48,1994,False,1211938
CHEMBL112925,Nc1ccc(-c2cc(=O)c3cc(N)ccc3o2)cc1,5.06,1994,False,564386
CHEMBL129946,CCN(C)[C@H]1C[C@@H]2O[C@](C)([C@H]1OC)n1c3ccccc3c3c4c(c5c6ccccc6n2c5c31)C(=O)NC4,6.48,1994,False,285888
CHEMBL130049,COC(=O)N(C)[C@H]1C[C@@H]2O[C@](C)([C@H]1OC)n1c3ccccc3c3c4c(c5c6ccccc6n2c5c31)C(=O)NC4,5.62,1994,False,287115
CHEMBL130163,CO[C@H]1[C@@H](N(C)C(C)=O)C[C@@H]2O[C@@]1(C)n1c3ccccc3c3c4c(c5c6ccccc6n2c5c31)C(=O)NC4,5.58,1994,False,284863
CHEMBL130208,CO[C@H]1[C@@H](N(C)C(=O)c2cccc([N+](=O)[O-])c2)C[C@@H]2O[C@@]1(C)n1c3ccccc3c3c4c(c5c6ccccc6n2c5c31)C(=O)NC4,5.32,1994,False,302246
CHEMBL131020,CO[C@H]1[C@@H](N(C)S(C)(=O)=O)C[C@@H]2O[C@@]1(C)n1c3ccccc3c3c4c(c5c6ccccc6n2c5c31)C(=O)NC4,5.96,1994,False,271592
CHEMBL131193,CO[C@H]1[C@@H](N(C)Cc2ccccc2)C[C@@H]2O[C@@]1(C)n1c3ccccc3c3c4c(c5c6ccccc6n2c5c31)C(=O)NC4,6.04,1994,False,297281
CHEMBL131426,CO[C@H]1[C@@H](N(C)CCC#N)C[C@@H]2O[C@@]1(C)n1c3ccccc3c3c4c(c5c6ccccc6n2c5c31)C(=O)NC4,5.96,1994,False,275168
CHEMBL131590,CO[C@H]1[C@@H](N(C)C(=O)c2ccccc2Cl)C[C@@H]2O[C@@]1(C)n1c3ccccc3c3c4c(c5c6ccccc6n2c5c31)C(=O)NC4,5.33,1994,False,271596
CHEMBL131653,COC(=O)c1cc(NCc2cc(O)ccc2O)ccc1O,6.22,1994,False,1084528
CHEMBL131715,CO[C@H]1[C@@H](N(C)C(=O)c2ccc(Cl)cc2)C[C@@H]2O[C@@]1(C)n1c3ccccc3c3c4c(c5c6ccccc6n2c5c31)C(=O)NC4,5.16,1994,False,266495
CHEMBL132169,COc1ccc(C(=O)N(C)[C@H]2C[C@@H]3O[C@](C)([C@H]2OC)n2c4ccccc4c4c5c(c6c7ccccc7n3c6c42)C(=O)NC5)cc1,5.44,1994,False,280108
CHEMBL132348,CO[C@H]1[C@@H](N(C)CC(=O)O)C[C@@H]2O[C@@]1(C)n1c3ccccc3c3c4c(c5c6ccccc6n2c5c31)C(=O)NC4,7.51,1994,True,280104
CHEMBL154080,COC(=O)c1ccc(CNC(=O)CCc2c(SSc3[nH]c4ccccc4c3CCC(=O)NCc3ccc(C(=O)OC)cc3)[nH]c3ccccc23)cc1,4.36,1994,False,622992
CHEMBL154260,O=C(CCc1c(SSc2[nH]c3ccccc3c2CCC(=O)NCCc2ccccc2)[nH]c2ccccc12)NCCc1ccccc1,4.62,1994,False,602962
CHEMBL154822,COC(=O)c1ccc(CNC(=O)CCc2c(SSc3[nH]c4ccccc4c3CCC(=O)NCc3ccc(C(=O)OC)c(O)c3)[nH]c3ccccc23)cc1O,4.0,1994,False,630618
CHEMBL154911,O=C(CCC1C(S)=Nc2ccccc21)NCc1ccccc1,4.0,1994,False,626714
CHEMBL154969,CONC(=O)CCc1c(SSc2[nH]c3ccccc3c2CCC(=O)NOC)[nH]c2ccccc12,4.17,1994,False,598022
CHEMBL155293,O=C(CCc1c(SSc2[nH]c3ccccc3c2CCC(=O)NCc2ccc(C(=O)O)cc2)[nH]c2ccccc12)NCc1ccc(C(=O)O)cc1,5.13,1994,False,622994
CHEMBL155389,O=C(CC1C(S)=Nc2ccccc21)NCc1ccccc1,4.0,1994,False,618171
CHEMBL155607,NC(=O)CCC1C(S)=Nc2ccccc21,4.66,1994,False,613919
CHEMBL156555,O=C(CCCc1c(SSc2[nH]c3ccccc3c2CCCC(=O)NCc2ccccc2)[nH]c2ccccc12)NCc1ccccc1,4.0,1994,False,609156
CHEMBL156797,O=C(CCc1c(SSc2[nH]c3ccccc3c2CCC(=O)Nc2ccccc2)[nH]c2ccccc12)Nc1ccccc1,4.6,1994,False,625511
CHEMBL157021,NC(=O)CCc1c(SSc2[nH]c3ccccc3c2CCC(N)=O)[nH]c2ccccc12,4.8,1994,False,626778
CHEMBL157304,N#CCCc1c(SSc2[nH]c3ccccc3c2CCC#N)[nH]c2ccccc12,4.33,1994,False,626777
CHEMBL157952,O=C(NCc1ccccc1)C(O)Cc1c(SSc2[nH]c3ccccc3c2CC(O)C(=O)NCc2ccccc2)[nH]c2ccccc12,4.85,1994,False,609155
CHEMBL158119,O=[N+]([O-])CCc1c(SSc2[nH]c3ccccc3c2CC[N+](=O)[O-])[nH]c2ccccc12,4.05,1994,False,625510
CHEMBL168343,CC(C)(C)ONC(=O)Cc1cc(NCc2cc(O)ccc2O)ccc1O,5.3,1994,False,1083435
CHEMBL168363,O=C(OCC1CCCCC1)c1cc(NCc2cc(O)ccc2O)ccc1O,5.92,1994,False,1079972
CHEMBL168366,O=C(OCCc1ccccc1)c1cc(NCc2cc(O)ccc2O)ccc1O,6.89,1994,True,1097792
CHEMBL168425,CCOC(=O)Cc1cc(/N=C/c2cc(O)ccc2O)ccc1O,4.7,1994,False,1086604
CHEMBL168533,O=C(OCCCc1ccccc1)c1cc(NCc2cc(O)ccc2O)ccc1O,7.52,1994,True,1086645
CHEMBL168915,O=C(Oc1cccc2ccccc12)c1cc(NCc2cc(O)ccc2O)ccc1O,6.96,1994,True,1100111
CHEMBL169081,COC(=O)Cc1cc(/N=C/c2cc(O)ccc2O)ccc1O,4.7,1994,False,1071667
CHEMBL169356,Cc1cc(C)cc(COC(=O)c2cc(NCc3cc(O)ccc3O)ccc2O)c1,5.8,1994,False,1072809
CHEMBL169514,O=C(Oc1ccc2ccccc2c1)c1cc(NCc2cc(O)ccc2O)ccc1O,7.05,1994,True,1092221
CHEMBL169657,CONC(=O)c1cc(NCc2cc(O)ccc2O)ccc1O,6.52,1994,True,1098967
CHEMBL169885,O=C(OCCC12C[C@H]3C[C@@H](C1)C[C@@H](C2)C3)c1cc(NCc2cc(O)ccc2O)ccc1O,5.9,1994,False,1088827
CHEMBL169970,O=C(Oc1ccccc1)c1cc(NCc2cc(O)ccc2O)ccc1O,7.16,1994,True,1066928
CHEMBL170111,CC(C)(C)OC(=O)c1cc(NCc2cc(O)ccc2O)ccc1O,6.0,1994,False,1101145
CHEMBL170996,CC(C)(C)ONC(=O)c1cc(NCc2cc(O)ccc2O)ccc1O,7.0,1994,True,1079970
CHEMBL170997,CC(C)CCCC(C)CCOC(=O)c1cc(NCc2cc(O)ccc2O)ccc1O,6.1,1994,False,1100105
CHEMBL171000,O=C(O)Cc1cc(/N=C/c2cc(O)ccc2O)ccc1O,4.46,1994,False,1070649
CHEMBL171054,CC(COC(=O)c1cc(NCc2cc(O)ccc2O)ccc1O)Cc1ccccc1,6.44,1994,False,1075295
CHEMBL171085,O=C(O)Cc1cc(NCc2cc(O)ccc2O)ccc1O,5.22,1994,False,1092249
CHEMBL171144,CC(COC(=O)c1cc(/N=C/c2cc(O)ccc2O)ccc1O)CC(C)(C)C,5.0,1994,False,1089985
CHEMBL171172,O=C(Oc1ccc(-c2ccccc2)cc1)c1cc(NCc2cc(O)ccc2O)ccc1O,5.3,1994,False,1098969
CHEMBL171727,CCOC(=O)Cc1cc(NCc2cc(O)ccc2O)ccc1O,5.16,1994,False,1075293
CHEMBL172333,O=C(OC/C=C/c1ccccc1)c1cc(NCc2cc(O)ccc2O)ccc1O,5.89,1994,False,1085619
CHEMBL172449,O=C(NO)c1cc(NCc2cc(O)ccc2O)ccc1O,6.4,1994,False,1095605
CHEMBL267019,O=C1NC(=O)c2cc(Nc3ccc(O)cc3)c(Nc3ccc(O)cc3)cc21,5.6,1994,False,115581
CHEMBL268868,O=C1NC(=O)c2cc(Nc3ccccc3)c(Nc3ccccc3)cc21,6.52,1994,True,125676
CHEMBL291359,CC(=O)Oc1cccc2c(C(=O)Nc3ccccc3)c(SSc3c(C(=O)Nc4ccccc4)c4cccc(OC(C)=O)c4n3C)n(C)c12,5.0,1994,False,140478
CHEMBL291979,Cn1c(SSc2c(C(=O)Nc3ccccc3)c3cc(C#N)ccc3n2C)c(C(=O)Nc2ccccc2)c2cc(C#N)ccc21,4.27,1994,False,116920
CHEMBL292323,COc1cccc2c(C(=O)Nc3ccccc3)c(SSc3c(C(=O)Nc4ccccc4)c4cccc(OC)c4n3C)n(C)c12,5.19,1994,False,110218
CHEMBL293250,Cn1c(SSc2c(C(=O)Nc3ccccc3)c3cc(O)ccc3n2C)c(C(=O)Nc2ccccc2)c2cc(O)ccc21,4.39,1994,False,133314
CHEMBL293251,Cn1c(SSc2c(C(=O)Nc3ccccc3)c3cc(Br)ccc3n2C)c(C(=O)Nc2ccccc2)c2cc(Br)ccc21,4.94,1994,False,139390
CHEMBL293261,O=C(CCc1c(SSc2[nH]c3ccccc3c2CCC(=O)NCc2ccccc2)[nH]c2ccccc12)NCc1ccccc1,6.07,1994,False,114538
CHEMBL293889,Cn1c(SSc2c(C(=O)Nc3ccccc3)c3cc(Cl)ccc3n2C)c(C(=O)Nc2ccccc2)c2cc(Cl)ccc21,5.37,1994,False,135765
CHEMBL293913,Cn1c(SSc2c(C(=O)Nc3ccccc3)c3ccc(O)cc3n2C)c(C(=O)Nc2ccccc2)c2ccc(O)cc21,4.36,1994,False,130899
CHEMBL293986,Cn1c(SSc2c(C(=O)Nc3ccccc3)c3c(Cl)cccc3n2C)c(C(=O)Nc2ccccc2)c2c(Cl)cccc21,4.0,1994,False,144215
CHEMBL304414,Cn1c(SSc2c(C(=O)Nc3ccccc3)c3ccccc3n2C)c(C(=O)Nc2ccccc2)c2ccccc21,5.0,1994,False,113112
CHEMBL316764,O=C(O)c1cc(/N=C/c2cc(O)ccc2O)ccc1O,5.3,1994,False,1086643
CHEMBL319620,O=C(O)c1cc(NCc2cc(O)ccc2O)ccc1O,7.52,1994,True,1100099
CHEMBL325949,Nc1cccc(-c2cc(=O)c3c(N)c(O)c(N)cc3o2)c1,5.11,1994,False,583983
CHEMBL335012,CO[C@H]1[C@@H](N(C)C(=O)c2cccnc2)C[C@@H]2O[C@@]1(C)n1c3ccccc3c3c4c(c5c6ccccc6n2c5c31)C(=O)NC4,5.09,1994,False,277772
CHEMBL335648,CO[C@H]1[C@@H]([N+](C)(C)C)C[C@@H]2O[C@@]1(C)n1c3ccccc3c3c4c(c5c6ccccc6n2c5c31)C(=O)NC4,7.72,1994,True,281325
CHEMBL335718,CCCCC(O)CN(C)[C@H]1C[C@@H]2O[C@](C)([C@H]1OC)n1c3ccccc3c3c4c(c5c6ccccc6n2c5c31)C(=O)NC4,5.89,1994,False,284859
CHEMBL335931,CO[C@H]1[C@@H](N(C)C(=O)CNC(=O)OC(C)(C)C)C[C@@H]2O[C@@]1(C)n1c3ccccc3c3c4c(c5c6ccccc6n2c5c31)C(=O)NC4,5.46,1994,False,288447
CHEMBL335932,CO[C@H]1[C@@H](N(C)C(=O)C(F)(F)F)C[C@@H]2O[C@@]1(C)n1c3ccccc3c3c4c(c5c6ccccc6n2c5c31)C(=O)NC4,5.19,1994,False,284868
CHEMBL336192,COC(=O)c1ccc(C(=O)N(C)[C@H]2C[C@@H]3O[C@](C)([C@H]2OC)n2c4ccccc4c4c5c(c6c7ccccc7n3c6c42)C(=O)NC5)cc1,5.13,1994,False,284872
CHEMBL337026,CN[C@H]1C[C@@H]2O[C@](C)([C@H]1OC)n1c3ccccc3c3c4c(c5c6ccccc6n2c5c31)C(=O)NC4=O,6.7,1994,True,288457
CHEMBL337027,CO[C@H]1[C@@H](N(C)C(=O)CCC(=O)O)C[C@@H]2O[C@@]1(C)n1c3ccccc3c3c4c(c5c6ccccc6n2c5c31)C(=O)NC4,6.8,1994,True,285893
CHEMBL337035,CNC(=S)N(C)[C@H]1C[C@@H]2O[C@](C)([C@H]1OC)n1c3ccccc3c3c4c(c5c6ccccc6n2c5c31)C(=O)NC4,4.9,1994,False,299857
CHEMBL337297,CO[C@H]1[C@@H](N(C)C(=O)c2cnccn2)C[C@@H]2O[C@@]1(C)n1c3ccccc3c3c4c(c5c6ccccc6n2c5c31)C(=O)NC4,5.09,1994,False,295884
CHEMBL338049,CN[C@H]1C[C@@H]2O[C@](C)([C@H]1OC)n1c3ccccc3c3c4c(c5c6ccccc6n2c5c31)C(=O)N[C@@H]4O,7.77,1994,True,295888
CHEMBL338155,CN[C@H]1C[C@@H]2O[C@](C)([C@H]1OC)n1c3ccccc3c3c4c(c5c6ccccc6n2c5c31)[C@H](O)NC4=O,6.58,1994,True,301082
CHEMBL338448,CO[C@H]1[C@@H](N(C)C(=O)c2ccccc2)C[C@@H]2O[C@@]1(C)n1c3ccccc3c3c4c(c5c6ccccc6n2c5c31)C(=O)NC4,5.72,1994,False,265169
CHEMBL338449,CO[C@H]1[C@@H](N(C)C(=O)OC(C)(C)C)C[C@@H]2O[C@@]1(C)n1c3ccccc3c3c4c(c5c6ccccc6n2c5c31)C(=O)NC4,4.87,1994,False,285899
CHEMBL338935,CO[C@H]1[C@@H](N(C)C(=O)CN)C[C@@H]2O[C@@]1(C)n1c3ccccc3c3c4c(c5c6ccccc6n2c5c31)C(=O)NC4,6.66,1994,True,276578
CHEMBL338944,CO[C@H]1[C@@H](N(C)C(=O)c2cccc(Cl)c2)C[C@@H]2O[C@@]1(C)n1c3ccccc3c3c4c(c5c6ccccc6n2c5c31)C(=O)NC4,5.34,1994,False,294648
CHEMBL340611,CC[N+](C)(C)[C@H]1C[C@@H]2O[C@](C)([C@H]1OC)n1c3ccccc3c3c4c(c5c6ccccc6n2c5c31)C(=O)NC4,7.37,1994,True,289639
CHEMBL345203,CNC(=O)CCc1c(SSc2[nH]c3ccccc3c2CCC(=O)NC)[nH]c2ccccc12,5.03,1994,False,618205
CHEMBL346716,CC(=O)NC(Cc1c(SSc2[nH]c3ccccc3c2CC(NC(C)=O)C(=O)NCc2ccccc2)[nH]c2ccccc12)C(=O)NCc1ccccc1,4.29,1994,False,602964
CHEMBL347668,O=C(CCc1c(SSc2[nH]c3ccccc3c2CCC(=O)NCc2ccc(C(=O)O)c(O)c2)[nH]c2ccccc12)NCc1ccc(C(=O)O)c(O)c1,5.07,1994,False,592926
CHEMBL348116,N#CCc1c(SSc2[nH]c3ccccc3c2CC#N)[nH]c2ccccc12,4.5,1994,False,607960
CHEMBL348146,CC(=O)OC(Cc1c(SSc2[nH]c3ccccc3c2CC(OC(C)=O)C(=O)NCc2ccccc2)[nH]c2ccccc12)C(=O)NCc1ccccc1,4.55,1994,False,594123
CHEMBL352583,O=C(OCc1ccccc1)c1cc(NCc2cc(O)ccc2O)ccc1O,7.1,1994,True,1076461
CHEMBL352589,O=C(Cc1cc(NCc2cc(O)ccc2O)ccc1O)NOCc1ccccc1,6.0,1994,False,1092251
CHEMBL352591,O=C(Cc1cc(/N=C/c2cc(O)ccc2O)ccc1O)NOCc1ccccc1,4.3,1994,False,1082421
CHEMBL352876,O=P(O)(O)Cc1cc(NCc2cc(O)ccc2O)ccc1O,5.52,1994,False,1084551
CHEMBL353028,CC(C)(C)CCOC(=O)c1cc(NCc2cc(O)ccc2O)ccc1O,6.16,1994,False,1096631
CHEMBL354128,CC(CCOC(=O)c1cc(NCc2cc(O)ccc2O)ccc1O)c1ccccc1,6.4,1994,False,1100109
CHEMBL354300,CONC(=O)c1cc(/N=C/c2cc(O)ccc2O)ccc1O,4.57,1994,False,1077719
CHEMBL354301,CC(C)CCCC(C)CCOC(=O)c1cc(/N=C/c2cc(O)ccc2O)ccc1O,5.3,1994,False,1088873
CHEMBL354521,CCOC(=O)c1cc(/N=C/c2cc(O)ccc2O)ccc1O,4.4,1994,False,1075292
CHEMBL354757,CCOP(=O)(Cc1cc(/N=C/c2cc(O)ccc2O)ccc1O)OCC,4.12,1994,False,1091024
CHEMBL355294,O=C(NOCc1ccccc1)c1cc(NCc2cc(O)ccc2O)ccc1O,7.3,1994,True,1068143
CHEMBL355419,CCOP(=O)(Cc1cc(NCc2cc(O)ccc2O)ccc1O)OCC,5.4,1994,False,1081091
CHEMBL355461,COC(=O)Cc1cc(NCc2cc(O)ccc2O)ccc1O,5.52,1994,False,1081089
CHEMBL355853,CC(COC(=O)c1cc(NCc2cc(O)ccc2O)ccc1O)CC(C)(C)C,6.1,1994,False,1085571
CHEMBL355857,CCOC(=O)c1cc(NCc2cc(O)ccc2O)ccc1O,6.4,1994,False,1102329
CHEMBL368296,CC(CCOC(=O)c1cc(NCc2cc(O)ccc2O)ccc1O)CC(C)(C)C,6.1,1994,False,1076460
CHEMBL422335,O=C(Oc1cccc(O)c1)c1cc(NCc2cc(O)ccc2O)ccc1O,7.05,1994,True,1094526
CHEMBL422531,CN(C)C(=O)CCc1c(SSc2[nH]c3ccccc3c2CCC(=O)N(C)C)[nH]c2ccccc12,4.92,1994,False,596823
CHEMBL422899,CC(C)(C)ONC(=O)Cc1cc(/N=C/c2cc(O)ccc2O)ccc1O,4.52,1994,False,1089967
CHEMBL432416,Nc1ccc(-c2cc(=O)c3cc(N)c(O)cc3o2)cc1,4.85,1994,False,578009
CHEMBL435662,CC(C)c1ccc(COC(=O)c2cc(NCc3cc(O)ccc3O)ccc2O)cc1,6.0,1994,False,1092219
CHEMBL435809,CO[C@H]1[C@@H](N(C)C(=O)c2ccc(C(=O)O)cc2)C[C@@H]2O[C@@]1(C)n1c3ccccc3c3c4c(c5c6ccccc6n2c5c31)C(=O)NC4,6.96,1994,True,266500
CHEMBL435831,O=C(Cc1c(SSc2[nH]c3ccccc3c2CC(=O)NCc2ccccc2)[nH]c2ccccc12)NCc1ccccc1,4.42,1994,False,621696
CHEMBL435902,O=C(OCCCCc1ccccc1)c1cc(NCc2cc(O)ccc2O)ccc1O,6.4,1994,False,1097797
CHEMBL44,O=c1c(-c2ccc(O)cc2)coc2cc(O)cc(O)c12,6.0,1994,False,124325
CHEMBL444337,COC(=O)CN(C)[C@H]1C[C@@H]2O[C@](C)([C@H]1OC)n1c3ccccc3c3c4c(c5c6ccccc6n2c5c31)C(=O)NC4,5.89,1994,False,274013
CHEMBL47966,Oc1ccc(/N=N/c2ccc(O)cc2O)cc1,4.24,1994,False,215556
CHEMBL59812,CC(=O)Oc1cccc2c1c(C(=O)Nc1ccccc1)c(SSc1c(C(=O)Nc3ccccc3)c3c(OC(C)=O)cccc3n1C)n2C,4.7,1994,False,132094
CHEMBL60472,COc1ccc2c(C(=O)Nc3ccccc3)c(SSc3c(C(=O)Nc4ccccc4)c4ccc(OC)cc4n3C)n(C)c2c1,5.44,1994,False,139395
CHEMBL61119,CC(=O)Oc1ccc2c(c1)c(C(=O)Nc1ccccc1)c(SSc1c(C(=O)Nc3ccccc3)c3cc(OC(C)=O)ccc3n1C)n2C,5.28,1994,False,127175
CHEMBL62176,CN1C(=S)C(C(=O)Nc2ccccc2)c2ccccc21,6.0,1994,False,119381
CHEMBL62701,Cn1c(SSc2c(C(=O)Nc3ccccc3)c3cccnc3n2C)c(C(=O)Nc2ccccc2)c2cccnc21,4.65,1994,False,133316
CHEMBL62843,Cn1c(SSc2c(C(=O)Nc3ccccc3)c3cccc(O)c3n2C)c(C(=O)Nc2ccccc2)c2cccc(O)c21,4.0,1994,False,116922
CHEMBL63356,Oc1cc2cc(-c3cccnc3)cnc2cc1O,6.3,1994,False,322969
CHEMBL64430,Cn1c(SSc2c(C(=O)Nc3ccccc3)c3cc([N+](=O)[O-])ccc3n2C)c(C(=O)Nc2ccccc2)c2cc([N+](=O)[O-])ccc21,5.3,1994,False,118168
CHEMBL66101,COc1ccc(/C=C/c2cnc3cc(OC)c(OC)cc3c2)cc1,4.7,1994,False,335761
CHEMBL67027,COc1ccc(/C=C(\C#N)c2cccnc2)cc1OC,6.16,1994,False,327901
CHEMBL7775,CN(c1ccccc1)c1cc2c(cc1Nc1ccccc1)C(=O)NC2=O,5.06,1994,False,125800
CHEMBL7914,Cc1ccc(Nc2cc3c(cc2Nc2ccc(C)cc2)C(=O)NC3=O)cc1,5.6,1994,False,130930
CHEMBL7939,O=C1NC(=O)c2cc(Nc3ccc(F)cc3)c(Nc3ccc(F)cc3)cc21,6.16,1994,False,142994
CHEMBL8095,COc1ccc(Nc2cc3c(cc2Nc2ccccc2)C(=O)NC3=O)cc1,5.7,1994,False,143005
CHEMBL8223,CCN(CC)c1ccc(Nc2cc3c(cc2Nc2ccc(N(CC)CC)cc2)C(=O)NC3=O)cc1,4.3,1994,False,144234
CHEMBL87084,Oc1cc2cc(-c3ccncc3)cnc2cc1O,5.3,1994,False,641694
CHEMBL102726,c1ccc(CNc2ncnc3ccccc23)cc1,6.5,1995,True,894034
CHEMBL115745,COc1cc2ncnc(NCc3ccccc3)c2cc1O,7.25,1995,True,889332
CHEMBL116308,O=[N+]([O-])c1cccc2ncnc(Nc3cccc(Br)c3)c12,6.45,1995,False,870961
CHEMBL116748,O=[N+]([O-])c1ccc2c(NCc3ccccc3)ncnc2c1,5.23,1995,False,889331
CHEMBL116919,COc1ccc(CNc2ncnc3ccccc23)cc1,5.0,1995,False,872202
CHEMBL117554,Clc1ccc(CNc2ncnc3ccccc23)cc1,5.16,1995,False,894025
CHEMBL117697,COc1cccc(Nc2ncnc3ccccc23)c1,6.08,1995,False,876998
CHEMBL117710,Brc1cccc(Oc2ncnc3ccccc23)c1,6.12,1995,False,870945
CHEMBL117804,c1ccc(CCNc2ncnc3ccccc23)cc1,5.39,1995,False,888112
CHEMBL119033,COc1cccc2ncnc(Nc3cccc(Br)c3)c12,6.86,1995,True,870946
CHEMBL119708,O=[N+]([O-])c1cccc2ncnc(NCc3ccccc3)c12,5.1,1995,False,890631
CHEMBL121708,Nc1cc2ncnc(NCc3cccc(Br)c3)c2cn1,6.0,1995,False,586594
CHEMBL121709,COc1ccccc1CNc1ncnc2cc(N)ncc12,4.0,1995,False,560926
CHEMBL122132,Nc1cc2ncnc(Nc3ccccc3Br)c2cn1,6.62,1995,True,581592
CHEMBL122534,Nc1cc2ncnc(Nc3ccccc3)c2cn1,6.6,1995,True,553860
CHEMBL123322,Nc1cc2ncnc(Nc3cccc(O)c3)c2cn1,7.16,1995,True,566826
CHEMBL123523,CN(C)c1ccccc1Nc1ncnc2cc(N)ncc12,4.16,1995,False,582791
CHEMBL123676,Nc1cc2ncnc(NCc3cccc([N+](=O)[O-])c3)c2cn1,5.0,1995,False,569364
CHEMBL124528,Nc1cc2ncnc(Nc3cccc(Cl)c3)c2cn1,6.92,1995,True,582792
CHEMBL124533,Nc1cc2ncnc(NCc3cccc(C(F)(F)F)c3)c2cn1,5.71,1995,False,563300
CHEMBL124617,Nc1cccc(Nc2ncnc3cc(N)ncc23)c1,5.81,1995,False,586592
CHEMBL124618,Nc1cc2ncnc(Nc3ccccc3N)c2cn1,5.28,1995,False,578058
CHEMBL124673,Nc1cc2ncnc(Nc3cccc([N+](=O)[O-])c3)c2cn1,7.4,1995,True,562059
CHEMBL125035,Nc1cc2ncnc(NCc3ccccc3[N+](=O)[O-])c2cn1,5.37,1995,False,565611
CHEMBL125331,CN(C)c1cccc(Nc2ncnc3cc(N)ncc23)c1,5.75,1995,False,569363
CHEMBL125550,Nc1cc2ncnc(Nc3cccc(I)c3)c2cn1,6.58,1995,True,566825
CHEMBL125810,Nc1cc2ncnc(Nc3cccc(C(F)(F)F)c3)c2cn1,7.82,1995,True,568021
CHEMBL125949,Nc1cc2ncnc(NCc3ccc(Br)cc3)c2cn1,5.61,1995,False,570683
CHEMBL126062,Nc1cc2ncnc(NCc3ccccc3C(F)(F)F)c2cn1,5.0,1995,False,578059
CHEMBL126101,COc1ccccc1Nc1ncnc2cc(N)ncc12,5.43,1995,False,589142
CHEMBL128001,COc1ccc(Nc2ncnc3cc(N)ncc23)cc1,6.17,1995,False,576820
CHEMBL142148,O=C(NCc1ccccc1)c1ccc(-c2cc(O)cc(-c3ccccc3)c2)cc1,5.1,1995,False,1120332
CHEMBL142831,COCOc1cc(-c2ccccc2)ccc1-c1ccc(C(=O)O)cc1,5.0,1995,False,1133409
CHEMBL142898,COCOc1cc(C(C)(C)C)ccc1-c1ccc(C(=O)OC)cc1,5.0,1995,False,1106088
CHEMBL143160,CC(C)(C)c1cc(O)cc(-c2ccc(C(=O)NCc3ccccc3)cc2)c1,5.27,1995,False,1127497
CHEMBL143899,O=C(O)c1ccc(-c2cc(O)cc(-c3ccccc3)c2)cc1,5.0,1995,False,1117952
CHEMBL143968,COCOc1cc(-c2ccccc2)ccc1-c1ccc(C(=O)NCc2ccccc2)cc1,5.96,1995,False,1114364
CHEMBL157807,Cn1c(SSc2c(C(N)=O)c3ccccc3n2C)c(C(N)=O)c2ccccc21,5.33,1995,False,869768
CHEMBL158275,Cn1c(SSc2c(C(=O)NCc3ccccc3)c3ccccc3n2C)c(C(=O)NCc2ccccc2)c2ccccc21,5.77,1995,False,903742
CHEMBL158797,Cn1c(SSc2c(C(=O)NCC(O)CO)c3ccccc3n2C)c(C(=O)NCC(O)CO)c2ccccc21,4.37,1995,False,876977
CHEMBL158805,Cn1c(SSc2c(C(=O)NCc3ccc(C(=O)O)cc3)c3ccccc3n2C)c(C(=O)NCc2ccc(C(=O)O)cc2)c2ccccc21,5.28,1995,False,889314
CHEMBL160207,CN(C)C(=O)c1c(SSc2c(C(=O)N(C)C)c3ccccc3n2C)n(C)c2ccccc12,4.67,1995,False,898778
CHEMBL160566,Cn1c(SSc2c(C#N)c3ccccc3n2C)c(C#N)c2ccccc21,5.16,1995,False,865810
CHEMBL160935,Cn1c(SSc2c(C(=O)c3ccco3)c3ccccc3n2C)c(C(=O)c2ccco2)c2ccccc21,5.11,1995,False,901220
CHEMBL161226,CNC(=O)c1c(SSc2[nH]c3ccccc3c2C(=O)NC)[nH]c2ccccc12,5.21,1995,False,883183
CHEMBL289787,COc1cccc2c(Nc3cccc(Br)c3)ncnc12,6.01,1995,False,883223
CHEMBL300083,Nc1cc2ncnc(NCc3ccccc3)c2cn1,6.24,1995,False,586593
CHEMBL310580,C=C(CN(C)C)C(=O)c1ccc(OS(=O)(=O)c2ccc(C(=O)O)c(O)c2)cc1,6.33,1995,False,629480
CHEMBL324371,CN(c1ccccc1)c1ncnc2ccccc12,4.0,1995,False,888113
CHEMBL325245,COc1cc2ncnc(NCc3ccccc3)c2cc1OC,8.0,1995,True,884346
CHEMBL326596,COc1ccc2c(NCc3ccccc3)ncnc2c1,7.24,1995,True,874495
CHEMBL328216,Nc1cc2ncnc(Nc3cccc(Br)c3)c2cc1N,9.92,1995,True,869793
CHEMBL329161,O=[N+]([O-])c1ccc2ncnc(Nc3cccc(Br)c3)c2c1,6.05,1995,False,867224
CHEMBL330882,COc1cccc2ncnc(NCc3ccccc3)c12,5.31,1995,False,873430
CHEMBL331307,Nc1cc2ncnc(NCc3ccccc3Br)c2cn1,5.78,1995,False,560925
CHEMBL331792,Cc1cccc(Nc2ncnc3cc(N)ncc23)c1,7.4,1995,True,555095
CHEMBL332173,COc1cccc(CNc2ncnc3cc(N)ncc23)c1,5.54,1995,False,553861
CHEMBL332846,Nc1cc2ncnc(NCc3ccccc3N)c2cn1,6.64,1995,True,590413
CHEMBL332879,Nc1cc2ncnc(Nc3ccccc3C(F)(F)F)c2cn1,5.0,1995,False,560923
CHEMBL332938,COc1ccc2ncnc(NCc3ccccc3)c2c1,6.7,1995,True,891804
CHEMBL333041,Nc1cc2ncnc(NCc3ccc(C(F)(F)F)cc3)c2cn1,5.1,1995,False,578060
CHEMBL333045,CN(C)c1cccc(CNc2ncnc3cc(N)ncc23)c1,5.0,1995,False,555097
CHEMBL333082,Nc1cccc2c(Nc3cccc(Br)c3)ncnc12,6.98,1995,True,867225
CHEMBL333115,Nc1cc2ncnc(Nc3ccc([N+](=O)[O-])cc3)c2cn1,4.19,1995,False,566824
CHEMBL333272,Nc1ccc(Nc2ncnc3cc(N)ncc23)cc1,5.23,1995,False,575522
CHEMBL333418,Nc1cccc2ncnc(Nc3cccc(Br)c3)c12,6.36,1995,False,874496
CHEMBL333851,COc1cc2c(NCc3ccccc3)ncnc2cc1O,6.23,1995,False,879450
CHEMBL334173,COc1cccc(Nc2ncnc3cc(N)ncc23)c1,6.89,1995,True,568022
CHEMBL336174,NC(Cc1c(SSc2[nH]c3ccccc3c2CC(N)C(=O)NCc2ccccc2)[nH]c2ccccc12)C(=O)NCc1ccccc1,5.48,1995,False,870936
CHEMBL338625,Nc1cc2ncnc(Nc3ccc(Br)cc3)c2cn1,7.05,1995,True,559980
CHEMBL338662,Nc1cc2ncnc(Nc3ccccc3[N+](=O)[O-])c2cn1,5.9,1995,False,581591
CHEMBL339684,Nc1cc2ncnc(Nc3ccc(C(F)(F)F)cc3)c2cn1,5.33,1995,False,560924
CHEMBL340438,Nc1cc2ncnc(Nc3cccc(F)c3)c2cn1,6.08,1995,False,580463
CHEMBL341053,CN(C)c1ccc(Nc2ncnc3cc(N)ncc23)cc1,5.31,1995,False,576821
CHEMBL342929,CNC(=O)c1c(SSc2c(C(=O)NC)c3ccccc3n2C)n(C)c2ccccc12,5.75,1995,False,900058
CHEMBL345019,O=C(NCc1ccccc1)c1ccc(-c2ccc(-c3ccccc3)cc2O)cc1,5.85,1995,False,1126393
CHEMBL345211,Cn1c(SSc2c(C(=O)NCC(=O)O)c3ccccc3n2C)c(C(=O)NCC(=O)O)c2ccccc21,5.0,1995,False,888100
CHEMBL345641,O=C(Nc1ccccc1)c1c(SSc2[nH]c3ccccc3c2C(=O)Nc2ccccc2)[nH]c2ccccc12,4.0,1995,False,870938
CHEMBL345837,Cn1c(SSc2c(C(=O)Nc3cccc(C(=O)O)c3)c3ccccc3n2C)c(C(=O)Nc2cccc(C(=O)O)c2)c2ccccc21,4.92,1995,False,872175
CHEMBL345862,Cn1c(SSc2c(C(=O)Nc3ccccc3C(=O)O)c3ccccc3n2C)c(C(=O)Nc2ccccc2C(=O)O)c2ccccc21,4.33,1995,False,890624
CHEMBL346553,COC(=O)c1ccc(C(=O)c2c(SSc3c(C(=O)c4ccc(C(=O)OC)cc4)c4ccccc4n3C)n(C)c3ccccc23)cc1,5.21,1995,False,876981
CHEMBL346770,Cn1c(SSc2c(C(=O)c3ccc(C(=O)O)cc3)c3ccccc3n2C)c(C(=O)c2ccc(C(=O)O)cc2)c2ccccc21,5.26,1995,False,872177
CHEMBL347160,O=C(NCc1ccccc1)c1c(SSc2[nH]c3ccccc3c2C(=O)NCc2ccccc2)[nH]c2ccccc12,4.82,1995,False,902565
CHEMBL347161,Cn1c(SSc2c(C(=O)Nc3ccc(C(=O)O)cc3)c3ccccc3n2C)c(C(=O)Nc2ccc(C(=O)O)cc2)c2ccccc21,4.77,1995,False,873416
CHEMBL347659,COC(=O)c1ccc(CNC(=O)c2c(SSc3c(C(=O)NCc4ccc(C(=O)OC)cc4)c4ccccc4n3C)n(C)c3ccccc23)cc1,4.89,1995,False,875638
CHEMBL347854,Cc1ccc(S(=O)(=O)c2c(SSc3[nH]c4ccccc4c3S(=O)(=O)c3ccc(C)cc3)[nH]c3ccccc23)cc1,4.54,1995,False,894014
CHEMBL348554,CN(C)CCNC(=O)c1c(SSc2c(C(=O)NCCN(C)C)c3ccccc3n2C)n(C)c2ccccc12,4.76,1995,False,900061
CHEMBL351920,CC(=O)c1c(SSc2c(C(C)=O)c3ccccc3n2C)n(C)c2ccccc12,5.25,1995,False,879427
CHEMBL358092,COC(=O)c1ccc(-c2ccc(-c3ccccc3)cc2O)cc1,4.85,1995,False,1133410
CHEMBL414013,COc1cc2c(cc1OC)Nc1ncnc(O)c1C2,4.12,1995,False,600251
CHEMBL422540,c1ccc(-c2c(SSc3[nH]c4ccccc4c3-c3ccccc3)[nH]c3ccccc23)cc1,4.0,1995,False,885615
CHEMBL435054,Cn1c(SSc2c(C(=O)Nc3ccccn3)c3ccccc3n2C)c(C(=O)Nc2ccccn2)c2ccccc21,4.33,1995,False,887028
CHEMBL441083,Cc1cccc(Nc2ncnc3ccccc23)c1,6.04,1995,False,875660
CHEMBL468975,C=C(CN(C)C)C(=O)c1ccccc1.Cl,5.25,1995,False,624335
CHEMBL538507,Cc1ccc(SCC(CN(C)C)C(=O)c2ccc(OCc3ccccc3)cc2)cc1C.Cl,5.68,1995,False,596828
CHEMBL538757,COC(=O)c1ccccc1SCC(CN(C)C)C(=O)c1ccc(OCc2ccccc2)cc1.Cl,5.06,1995,False,595392
CHEMBL540292,CN(C)CC(CSc1ccccc1)C(=O)c1ccc(OCc2ccccc2)cc1.Cl,5.14,1995,False,621736
CHEMBL541307,CN(C)CC(CNNC(N)=O)C(=O)c1ccc(OCc2ccccc2)cc1.Cl,5.41,1995,False,593023
CHEMBL542887,C=C(CN(C)C)C(=O)c1ccc(OCc2ccccc2)c(O)c1.Cl,6.17,1995,False,625572
CHEMBL542891,CCOC(=O)C1CCN(CCC(=O)c2ccc(OCc3ccccc3)cc2)CC1.Cl,6.52,1995,True,605594
CHEMBL542893,Cl.O=C(CCN1CCOCC1)c1ccc(OCc2ccccc2)cc1,5.82,1995,False,621730
CHEMBL543361,CN(C)CC(CSCCN)C(=O)c1ccc(OCc2ccccc2)cc1.Cl,5.06,1995,False,612771
CHEMBL543600,CC(CN(C)C)C(=O)c1ccc(OS(=O)(=O)c2ccc(C(=O)O)cc2)cc1.Cl,4.0,1995,False,615479
CHEMBL544067,C=C(CN1CCOCC1)C(=O)c1ccc(OCc2ccccc2)cc1.Cl,5.96,1995,False,623061
CHEMBL544074,C=C(CN1CCCCC1)C(=O)c1ccc(OCc2ccccc2)cc1.Cl,5.96,1995,False,601795
CHEMBL544538,C=C(CN1CCNCC1)C(=O)c1ccc(OCc2ccccc2)cc1.Cl,5.82,1995,False,606738
CHEMBL544770,CN(C)CCC(=O)c1ccc(OCc2ccccc2)cc1.Cl,5.82,1995,False,620606
CHEMBL545006,Cl.O=C(CCN1CCCCC1)c1ccc(OCc2ccccc2)cc1,5.75,1995,False,604364
CHEMBL552634,C=C(CN(C)C)C(=O)c1ccc(OS(=O)(=O)c2ccc(C(=O)N(C)C)cc2)cc1.Cl,6.16,1995,False,625578
CHEMBL552859,C=C(CN(C)C)C(=O)c1ccc(OCc2ccccc2)cc1.Cl,6.75,1995,True,598045
CHEMBL552860,CN(C)CCC(=O)c1ccc(OCc2ccccc2)c(O)c1.Cl,6.44,1995,False,628127
CHEMBL78249,N#CC(Cc1ccc(O)c(O)c1)C(=N)S,4.16,1995,False,618238
CHEMBL80030,C=C(CN(C)C)C(=O)c1ccc(OS(=O)(=O)c2ccc(C(=O)O)cc2)cc1,6.64,1995,True,607986
CHEMBL92824,FC(F)(F)c1cccc(Nc2ncnc3ccccc23)c1,6.24,1995,False,903749
CHEMBL92825,Ic1cccc(Nc2ncnc3ccccc23)c1,7.1,1995,True,876996
CHEMBL93032,Oc1cc2ncnc(Nc3cccc(Br)c3)c2cc1O,9.77,1995,True,869803
CHEMBL93181,COc1ccc2c(Nc3cccc(Br)c3)ncnc2c1,8.0,1995,True,882053
CHEMBL94275,O=[N+]([O-])c1ccc2c(Nc3cccc(Br)c3)ncnc2c1,6.0,1995,False,878224
CHEMBL144159,N#C/C(=C\c1ccc(O)c(O)c1)C(=O)NCc1cccc(CNC(=O)/C(C#N)=C/c2ccc(O)c(O)c2)c1,5.8,1996,False,639238
CHEMBL144402,N#C/C(=C\c1ccc(O)c(O)c1)C(=O)NCCCN1CCN(CCCNC(=O)/C(C#N)=C/c2ccc(O)c(O)c2)CC1,5.16,1996,False,651207
CHEMBL144589,N#C/C(=C\c1ccc(O)c(O)c1)C(=O)NCCCCNC(=O)/C(C#N)=C/c1ccc(O)c(O)c1,6.22,1996,False,645294
CHEMBL144632,N#C/C(=C\c1cc(O)c(O)c([N+](=O)[O-])c1)C(=O)NCCCNC(=O)/C(C#N)=C/c1cc(O)c(O)c([N+](=O)[O-])c1,4.46,1996,False,635470
CHEMBL144760,N#C/C(=C\c1ccc(O)c(O)c1)C(=O)NCCCCCCNC(=O)/C(C#N)=C/c1ccc(O)c(O)c1,6.16,1996,False,640364
CHEMBL144770,N#C/C(=C\c1cc(O)c(O)c(Br)c1)C(=O)NCCCNC(=O)/C(C#N)=C/c1cc(O)c(O)c(Br)c1,6.47,1996,False,635570
CHEMBL144778,N#C/C(=C\c1ccc(O)c(O)c1)C(=O)NC1CCCC[C@@H]1NC(=O)/C(C#N)=C/c1ccc(O)c(O)c1,5.68,1996,False,658419
CHEMBL144791,N#C/C(=C\c1cc(O)c(O)c(Br)c1)S(=O)(=O)/C(C#N)=C/c1cc(O)c(O)c(Br)c1,6.07,1996,False,634376
CHEMBL144842,N#C/C(=C\c1ccc(O)c(O)c1)C(=O)NCCCCCNC(=O)/C(C#N)=C/c1ccc(O)c(O)c1,6.16,1996,False,664702
CHEMBL144908,N#C/C(=C\c1ccc(O)c(O)c1)C(=O)NCCNC(=O)/C(C#N)=C/c1ccc(O)c(O)c1,6.3,1996,False,658422
CHEMBL145209,N#C/C(=C\c1ccc(O)c(O)c1)C(=O)NCN1CCN(C(=O)/C(C#N)=C/c2ccc(O)c(O)c2)CC1,5.24,1996,False,671033
CHEMBL145266,COc1cc(/C=C(\C#N)C(=O)NCCCCNC(=O)/C(C#N)=C/c2cc(OC)c(O)c([N+](=O)[O-])c2)cc([N+](=O)[O-])c1O,4.72,1996,False,652429
CHEMBL147880,N#C/C(=C\c1ccc(O)c(O)c1)C(=O)NC1CCC(CC2CCC(NC(=O)/C(C#N)=C/c3ccc(O)c(O)c3)CC2)CC1,4.69,1996,False,651204
CHEMBL172652,Brc1cccc(Nc2ncnc3cc4[nH]nnc4cc23)c1,8.39,1996,True,1036448
CHEMBL173498,Brc1cccc(Nc2ncnc3cc4nccnc4cc23)c1,8.77,1996,True,1055840
CHEMBL174426,Cn1cnc2cc3c(Nc4cccc(Br)c4)ncnc3cc21,10.6,1996,True,1054540
CHEMBL175101,CN(C)CCn1cnc2cc3c(Nc4cccc(Br)c4)ncnc3cc21,7.66,1996,True,1052131
CHEMBL176582,Cn1cnc2cc3ncnc(Nc4cccc(Br)c4)c3cc21,11.0,1996,True,1043415
CHEMBL176891,CN(C)CCn1cnc2cc3ncnc(Nc4cccc(Br)c4)c3cc21,8.88,1996,True,1064734
CHEMBL177053,Brc1cccc(Nc2ncnc3cc4ncsc4cc23)c1,7.36,1996,True,1030179
CHEMBL277430,Cc1ccc(N(C(=O)c2ccccc2)C(=O)c2ccccc2)cc1Nc1nccc(-c2cccnc2)n1,4.12,1996,False,883858
CHEMBL278287,Cc1ccc(N(C)C(=O)c2ccccc2)cc1Nc1nccc(-c2cccnc2)n1,4.31,1996,False,882799
CHEMBL279138,N#C/C(=C\c1ccc(O)c(O)c1)C(=O)NCCCCCCCCNC(=O)/C(C#N)=C/c1ccc(O)c(O)c1,5.66,1996,False,634379
CHEMBL291496,Clc1ccc2ncnc(Nc3cccc(Br)c3)c2n1,7.75,1996,True,1082449
CHEMBL291701,Fc1ccc2c(Nc3cccc(Br)c3)ncnc2n1,6.17,1996,False,1093328
CHEMBL295961,CNc1ccc2cncnc2c1,8.4,1996,True,1096679
CHEMBL296377,Clc1cc2c(Nc3cccc(Br)c3)ncnc2cn1,7.4,1996,True,1084596
CHEMBL298637,CNc1ccc2c(Nc3cccc(Br)c3)ncnc2n1,7.28,1996,True,1077739
CHEMBL300491,COc1ccc2cncnc2c1,8.0,1996,True,1099055
CHEMBL301359,c1ccc2ncncc2c1,7.57,1996,True,1068226
CHEMBL301549,COc1ccc2c(Nc3cccc(Br)c3)ncnc2n1,6.58,1996,True,1074154
CHEMBL306029,Cc1[nH]c2ncnc(Nc3cccc(C(F)(F)F)c3)c2c1C,5.72,1996,False,1288841
CHEMBL306081,Cc1[nH]c2ncnc(Nc3cccc(Cl)c3)c2c1C,7.57,1996,True,1298455
CHEMBL306315,Clc1cccc(Nc2ncnc3[nH]c4ccccc4c23)c1,8.22,1996,True,1271113
CHEMBL307026,Cc1cccc(Nc2ncnc3[nH]c(C)c(C)c23)c1,6.24,1996,False,1302356
CHEMBL307062,Cc1cccc(Nc2ncnc3[nH]c4c(c23)CCCC4)c1,6.09,1996,False,1276122
CHEMBL307209,Clc1cccc(Nc2ncnc3[nH]c(-c4ccccc4)c(-c4ccccc4)c23)c1,7.02,1996,True,1277570
CHEMBL307599,Cc1ccc(Nc2ncnc3[nH]c(C)c(C)c23)cc1,5.68,1996,False,1282555
CHEMBL308582,Cc1[nH]c2ncnc(Nc3cccc(F)c3)c2c1C,6.26,1996,False,1305398
CHEMBL308593,Cc1[nH]c2ncnc(Nc3cccc(Cl)c3)c2c1-c1ccccc1,6.64,1996,True,1284931
CHEMBL309937,CCc1ccc(Nc2ncnc3[nH]c(C)c(C)c23)cc1,4.11,1996,False,1299791
CHEMBL311129,Cc1c(-c2ccccc2)[nH]c2ncnc(Nc3cccc(Cl)c3)c12,8.0,1996,True,1306870
CHEMBL316064,COc1cc2ncnc(Nc3cccc(C(F)(F)F)c3)c2cc1OC,9.62,1996,True,987821
CHEMBL317925,COc1cc2ncnc(Nc3cccc(Br)c3)c2c(OC)c1OC,9.17,1996,True,1022606
CHEMBL318736,CCCCOc1cc2ncnc(Nc3cccc(Br)c3)c2cc1OCCCC,6.98,1996,True,996179
CHEMBL327307,COc1cc2ncnc(Nc3ccc(Br)c(Br)c3)c2cc1OC,10.14,1996,True,1023994
CHEMBL328244,Nc1ccc2ncnc(Nc3cccc(C(F)(F)F)c3)c2c1,6.24,1996,False,998479
CHEMBL328295,O=[N+]([O-])c1ccc2ncnc(Nc3ccccc3)c2c1,5.3,1996,False,1012251
CHEMBL328691,COC(=O)Nc1ccc2ncnc(Nc3cccc(Br)c3)c2c1,7.92,1996,True,1018964
CHEMBL328879,COc1ccc2ncnc(Nc3ccccc3)c2c1,7.26,1996,True,994778
CHEMBL328955,Nc1ccc2c(Nc3cccc(Cl)c3)ncnc2c1,9.6,1996,True,999806
CHEMBL329183,O=[N+]([O-])c1ccc2c(Nc3cccc(F)c3)ncnc2c1,5.21,1996,False,989128
CHEMBL330224,Nc1ccc2c(Nc3ccccc3)ncnc2c1,7.0,1996,True,1009650
CHEMBL342792,COc1cc(/C=C(\C#N)S(=O)(=O)/C(C#N)=C/c2cc(O)c(O)c(OC)c2)cc(O)c1O,6.03,1996,False,660828
CHEMBL343887,N#C/C(=C\c1ccc(O)c(O)c1)C(=O)NCCN1CCN(C(=O)/C(C#N)=C/c2ccc(O)c(O)c2)CC1,5.66,1996,False,667171
CHEMBL356324,N#C/C(=C\c1ccc(O)c(O)c1)S(=O)(=O)/C(C#N)=C/c1ccc(O)c(O)c1,6.42,1996,False,649951
CHEMBL357161,N#C/C(=C\c1ccc(O)c(O)c1)C(=O)NCC1CCCC(CNC(=O)/C(C#N)=C/c2ccc(O)c(O)c2)C1,5.75,1996,False,667174
CHEMBL357400,COc1cc(/C=C(\C#N)C(=O)NCCCCNC(=O)/C(C#N)=C/c2cc(Br)c(O)c(OC)c2)cc(Br)c1O,5.52,1996,False,654748
CHEMBL358494,N#C/C(=C\c1ccc(O)c(O)c1)C(=O)N1CCN(C(=O)/C(C#N)=C/c2ccc(O)c(O)c2)CC1,5.4,1996,False,651199
CHEMBL358746,N#C/C(=C\c1cc(O)c(O)c(O)c1)C(=O)NCCCCNC(=O)/C(C#N)=C/c1cc(O)c(O)c(O)c1,6.22,1996,False,654749
CHEMBL366580,Brc1cccc(Nc2ncnc3cc4c[nH]nc4cc23)c1,9.47,1996,True,1038627
CHEMBL4106341,Cc1[nH]c2ncnc(NC3CCCCC3)c2c1C,5.16,1996,False,1286124
CHEMBL418967,CCCOc1cc2ncnc(Nc3cccc(Br)c3)c2cc1OCCC,9.77,1996,True,990154
CHEMBL420254,CCNc1ccc2c(Nc3cccc(Br)c3)ncnc2c1,7.92,1996,True,1006083
CHEMBL421686,Cc1[nH]c2ncnc(NCc3ccccc3)c2c1C,5.97,1996,False,1274873
CHEMBL424302,N#C/C(=C\c1ccc(O)c(O)c1)C(=O)NCCCCCCCCCCNC(=O)/C(C#N)=C/c1ccc(O)c(O)c1,5.89,1996,False,648855
CHEMBL426580,Cc1nc2cc3c(Nc4cccc(Br)c4)ncnc3cc2[nH]1,9.54,1996,True,1031419
CHEMBL427298,CN(C)CCn1cnc2c(Cl)c3c(Nc4cccc(Br)c4)ncnc3cc21,6.69,1996,True,1062251
CHEMBL431001,Cc1[nH]c2ncnc(Nc3cccc(C(=O)O)c3)c2c1C,4.79,1996,False,1295551
CHEMBL431191,COc1cccc(Nc2ncnc3[nH]c4c(c23)CCCC4)c1,6.07,1996,False,1291476
CHEMBL433205,Nc1ccc2c(Nc3cccc(C(F)(F)F)c3)ncnc2c1,8.48,1996,True,997299
CHEMBL433305,c1ccc(Nc2ncnc3[nH]c4c(c23)CCCC4)cc1,6.51,1996,True,1272219
CHEMBL440873,FC(F)(F)c1cccc(Nc2ncnc3[nH]c4c(c23)CCCC4)c1,6.44,1996,False,1283660
CHEMBL447230,COc1cc2ncnc(N(C)c3cccc(Br)c3)c2cc1OC,6.82,1996,True,1011135
CHEMBL50245,CN(C)c1ccc2c(Nc3cccc(Br)c3)ncnc2n1,6.49,1996,False,1087768
CHEMBL50344,CNc1ccc2ncnc(Nc3cccc(Br)c3)c2c1,8.4,1996,True,1014694
CHEMBL51265,Brc1cccc(Nc2ncnc3cnccc23)c1,7.29,1996,True,1087767
CHEMBL51320,c1ccc(CNc2ncnc3cnccc23)cc1,5.69,1996,False,1085648
CHEMBL51707,Fc1cc2ncnc(Nc3cccc(Br)c3)c2cn1,7.89,1996,True,1095629
CHEMBL52418,CC(=O)Nc1cc2ncnc(Nc3cccc(Br)c3)c2cn1,7.54,1996,True,1083483
CHEMBL52472,COc1ccc2ncncc2c1,7.52,1996,True,1070683
CHEMBL52665,Brc1cccc(Nc2ncnc3ccncc23)c1,7.46,1996,True,1097850
CHEMBL52784,CN(C)c1ccc2cncnc2c1,7.96,1996,True,1093331
CHEMBL52882,CNC1=CC2N=CN(C)/C(=N\c3cccc(Br)c3)C2C=N1,8.51,1996,True,1087766
CHEMBL53062,COc1cc2c(Nc3cccc(Br)c3)ncnc2cn1,8.59,1996,True,1078918
CHEMBL53121,Fc1cc2c(Nc3cccc(Br)c3)ncnc2cn1,6.91,1996,True,1100189
CHEMBL53299,COc1ccc(CNc2cc3c(Nc4cccc(Br)c4)ncnc3cn2)cc1,8.64,1996,True,1076549
CHEMBL53300,Nc1ccc2ncncc2c1,9.1,1996,True,1080041
CHEMBL53375,COc1cc2ncnc(Nc3cccc(Br)c3)c2cn1,7.41,1996,True,1069552
CHEMBL53404,CC(=O)Nc1cc2ncnc(NCc3ccccc3)c2cn1,7.0,1996,True,1102400
CHEMBL53552,c1ccc(CNc2ncnc3cccnc23)cc1,6.22,1996,False,1088917
CHEMBL53850,CNc1ccc2ncncc2c1,8.15,1996,True,1093329
CHEMBL54474,Nc1ccc2c(Nc3cccc(Br)c3)ncnc2n1,6.03,1996,False,1084599
CHEMBL54475,Brc1cccc(Nc2ncnc3ncccc23)c1,6.16,1996,False,1096678
CHEMBL54784,c1ccc(CNc2ncnc3ccncc23)cc1,5.84,1996,False,1084595
CHEMBL54788,Fc1ccc2ncnc(Nc3cccc(Br)c3)c2n1,7.36,1996,True,1102401
CHEMBL54805,Brc1cccc(Nc2ncnc3cccnc23)c1,7.47,1996,True,1078920
CHEMBL55150,CN(C)c1ccc2ncncc2c1,6.92,1996,True,1092285
CHEMBL55729,Nc1ccc2cncnc2c1,10.0,1996,True,1093330
CHEMBL56393,N#C/C(=C\c1ccc(O)c(O)c1)C(=O)c1ccc(O)c(O)c1,6.43,1996,False,646400
CHEMBL63469,Nc1cc2c(Nc3cccc(Br)c3)ncnc2cc1Cl,8.19,1996,True,1007146
CHEMBL65038,COc1cc2ncnc(Nc3cccc(Br)c3)c2cc1[N+](=O)[O-],7.82,1996,True,1020227
CHEMBL66409,O=[N+]([O-])c1cc2c(Nc3cccc(Br)c3)ncnc2cc1Cl,7.6,1996,True,1011134
CHEMBL67535,N#C/C(=C\c1ccc(O)c(O)c1)C(=O)NCCCNC(=O)/C(C#N)=C/c1ccc(O)c(O)c1,6.4,1996,False,634382
CHEMBL72322,Oc1cccc(Nc2ncnc3[nH]c4c(c23)CCCC4)c1,6.38,1996,False,1295550
CHEMBL72393,Brc1cccc(Nc2ncnc3[nH]c4c(c23)CCCC4)c1,7.34,1996,True,1280018
CHEMBL73301,COc1cccc(Nc2ncnc3[nH]c(C)c(C)c23)c1,5.92,1996,False,1292801
CHEMBL73406,Cc1[nH]c2ncnc(Nc3cc(Cl)cc(Cl)c3)c2c1C,6.77,1996,True,1278792
CHEMBL73625,Cc1[nH]c2ncnc(Nc3ccccc3Cl)c2c1C,4.12,1996,False,1292803
CHEMBL73710,Cc1[nH]c2ncnc(Nc3ccc(F)cc3)c2c1C,6.25,1996,False,1292802
CHEMBL74481,Cc1ccc(Nc2ncnc3[nH]c4c(c23)CCCC4)cc1,6.96,1996,True,1287415
CHEMBL74645,O=C(O)c1cccc(Nc2ncnc3[nH]c4c(c23)CCCC4)c1,4.59,1996,False,1276129
CHEMBL74722,Cc1[nH]c2ncnc(Nc3cccc(Br)c3)c2c1C,7.6,1996,True,1301109
CHEMBL74778,Cc1[nH]c2ncnc(Nc3cccc(O)c3)c2c1C,5.9,1996,False,1277569
CHEMBL75049,Cc1[nH]c2ncnc(Nc3ccccc3)c2c1C,5.72,1996,False,1298448
CHEMBL75177,Clc1cccc(Nc2ncnc3[nH]c4c(c23)CCCC4)c1,7.54,1996,True,1288831
CHEMBL75208,Cc1[nH]c2ncnc(Nc3cccc(C#N)c3)c2c1C,6.7,1996,True,1266764
CHEMBL76116,Cc1[nH]c2ncnc(Oc3cccc(Cl)c3)c2c1C,5.6,1996,False,1302355
CHEMBL76444,Cc1[nH]c2ncnc(N(C)c3cccc(Cl)c3)c2c1C,6.3,1996,False,1271111
CHEMBL7917,COc1cc2ncnc(Nc3cccc(Cl)c3)c2cc1OC,9.51,1996,True,1007330
CHEMBL89940,Nc1ccc2ncnc(Nc3ccccc3)c2c1,6.11,1996,False,1007147
CHEMBL90013,CN(C)c1ccc2c(Nc3cccc(Br)c3)ncnc2c1,7.96,1996,True,997298
CHEMBL91914,O=[N+]([O-])c1ccc2c(Nc3ccccc3)ncnc2c1,4.92,1996,False,1023873
CHEMBL91980,Nc1ccc2c(Nc3cccc(I)c3)ncnc2c1,9.46,1996,True,998480
CHEMBL92174,COc1cc2ncnc(Nc3ccccc3Br)c2cc1OC,6.89,1996,True,1001015
CHEMBL92398,COc1ccc2c(Nc3ccccc3)ncnc2c1,6.92,1996,True,1023872
CHEMBL92709,COc1cc2ncnc(Nc3cc(Br)cc(Br)c3)c2cc1OC,6.95,1996,True,1020224
CHEMBL92936,CNc1cc2ncnc(Nc3cccc(Br)c3)c2cc1[N+](=O)[O-],7.17,1996,True,1012375
CHEMBL92937,CNc1cc2ncnc(Nc3cccc(Br)c3)c2cc1N,9.16,1996,True,1013385
CHEMBL92985,Fc1cccc(Nc2ncnc3ccccc23)c1,7.25,1996,True,1009649
CHEMBL93051,Brc1cccc(Nc2ncnc3cc4c(cc23)OCO4)c1,7.82,1996,True,998625
CHEMBL93284,O=[N+]([O-])c1ccc2c(Nc3cccc(I)c3)ncnc2c1,6.27,1996,False,999904
CHEMBL93295,COc1cc2nc(N)nc(Nc3cccc(Br)c3)c2cc1OC,6.33,1996,False,1018959
CHEMBL93302,Oc1ccc2c(Nc3cccc(Br)c3)ncnc2c1,8.33,1996,True,989129
CHEMBL93461,CC(=O)Nc1ccc2c(Nc3cccc(Br)c3)ncnc2c1,7.4,1996,True,1004778
CHEMBL93544,CN(C)c1cc2ncnc(Nc3cccc(Br)c3)c2cc1[N+](=O)[O-],5.7,1996,False,1017580
CHEMBL93545,Nc1cc2ncnc(Nc3cccc(Br)c3)c2cc1[N+](=O)[O-],7.28,1996,True,1016228
CHEMBL93635,O=[N+]([O-])c1ccc2c(Nc3cccc(Cl)c3)ncnc2c1,6.09,1996,False,1026352
CHEMBL93734,CC(=O)Nc1cc2ncnc(Nc3cccc(Br)c3)c2cc1[N+](=O)[O-],7.55,1996,True,1008595
CHEMBL93966,Nc1ccc2c(Nc3cccc(F)c3)ncnc2c1,8.7,1996,True,999805
CHEMBL94191,COc1cc2ncnc(Nc3ccccc3)c2cc1OC,7.54,1996,True,993448
CHEMBL94431,COc1cc2ncnc(Nc3cccc(F)c3)c2cc1OC,8.42,1996,True,1011136
CHEMBL96065,COc1cc2ncnc(Nc3cccc(I)c3)c2cc1OC,9.05,1996,True,1018963
CHEMBL96489,CN(C)c1cc2ncnc(Nc3cccc(Br)c3)c2cc1N,6.8,1996,True,1016105
CHEMBL96627,COc1ccc2ncnc(Nc3cccc(Br)c3)c2c1OC,5.86,1996,False,991403
CHEMBL96780,COc1cc2ncnc(Nc3cccc(Br)c3)c2cc1N,8.42,1996,True,997297
CHEMBL100714,COc1ccc(Nc2ncnc3cc(OC)c(OC)cc23)cc1OC,5.55,1997,False,394697
CHEMBL101581,COc1cc2nccc(Oc3cccc(Br)c3)c2cc1OC,5.6,1997,False,410355
CHEMBL118130,Oc1ccc(-c2[nH]nc3ncnc(Nc4cccc(Cl)c4)c23)cc1,8.22,1997,True,1183574
CHEMBL118904,O=[N+]([O-])c1cccc(-c2[nH]nc3ncnc(Nc4cccc(Cl)c4)c23)c1,6.57,1997,True,1144376
CHEMBL119977,Clc1cccc(Nc2[nH]cnc3nnc(-c4ccccc4)c2-3)c1,7.72,1997,True,1183566
CHEMBL119982,Clc1cccc(Nc2[nH]nc3ncnc(NCc4ccccc4)c23)c1,6.06,1997,False,1171626
CHEMBL120069,Cc1cccc(Nc2[nH]cnc3nnc(Nc4cccc(Cl)c4)c2-3)c1,6.89,1997,True,1183555
CHEMBL120319,Clc1cccc(Nc2[nH]nc3ncnc(Nc4cccc(Br)c4)c23)c1,6.89,1997,True,1173026
CHEMBL120979,COc1cccc(Nc2[nH]nc3ncnc(Nc4cccc(Cl)c4)c23)c1,8.1,1997,True,1148289
CHEMBL121190,Nc1[nH]cnc2nnc(Nc3cccc(Cl)c3)c1-2,6.8,1997,True,1158327
CHEMBL121260,Clc1cccc(Nc2[nH]nc3ncnc(Nc4ccccc4)c23)c1,7.08,1997,True,1174284
CHEMBL121796,Clc1cccc(Nc2[nH]cnc3nnc(NCc4ccccc4)c2-3)c1,8.52,1997,True,1155872
CHEMBL121954,Oc1cccc(Nc2[nH]nc3ncnc(Nc4cccc(Cl)c4)c23)c1,9.0,1997,True,1174291
CHEMBL122068,Nc1nc(N)c2c(Nc3cccc(Cl)c3)[nH]nc2n1,6.66,1997,True,1162563
CHEMBL122182,Oc1ccc(Nc2[nH]nc3ncnc(Nc4cccc(Cl)c4)c23)cc1,8.1,1997,True,1182242
CHEMBL122243,Nc1ncnc2c1c(-c1ccccc1)nn2-c1ccccc1,6.1,1997,False,1149518
CHEMBL122245,COc1ccc(CNc2[nH]nc3ncnc(Nc4cccc(Cl)c4)c23)cc1,8.15,1997,True,1149523
CHEMBL122260,CNC(=O)c1cc(NCc2cc(O)ccc2O)ccc1O,5.01,1997,False,1047042
CHEMBL122397,CCCCCCNC(=O)c1cc(NCc2cc(O)ccc2O)ccc1O,6.05,1997,False,1058147
CHEMBL122411,COc1ccc(Nc2[nH]nc3ncnc(Nc4cccc(Cl)c4)c23)cc1,7.52,1997,True,1179474
CHEMBL122721,CCCCCCCCCCCCCCNC(=O)c1cc(NCc2cc(O)ccc2O)ccc1O,4.57,1997,False,1064377
CHEMBL122785,O=S(=O)(O)c1cc(NCc2cc(O)ccc2O)ccc1O,4.99,1997,False,1044669
CHEMBL123045,O=[N+]([O-])c1cc(NCc2cc(O)ccc2O)ccc1O,5.27,1997,False,1053097
CHEMBL123046,Oc1ccc(NCc2cc(O)ccc2O)cc1,4.38,1997,False,1040781
CHEMBL123189,COc1cccc(CNc2[nH]nc3ncnc(Nc4cccc(Cl)c4)c23)c1,8.1,1997,True,1167948
CHEMBL125568,OCC(CO)Nc1cc2ncnc(Nc3cccc(Br)c3)c2cn1,7.85,1997,True,376358
CHEMBL126137,CN(C)CCN(C)c1cc2ncnc(Nc3cccc(Br)c3)c2cn1,7.4,1997,True,352154
CHEMBL126372,OCC(O)CNc1cc2ncnc(Nc3cccc(Br)c3)c2cn1,9.04,1997,True,374988
CHEMBL126384,Brc1cccc(Nc2ncnc3cc(NCCCCN4CCOCC4)ncc23)c1,8.27,1997,True,348082
CHEMBL126623,Brc1cccc(Nc2ncnc3cc(NCCCN4CCOCC4)ncc23)c1,8.72,1997,True,386241
CHEMBL126791,Brc1cccc(Nc2ncnc3cc(NCCCn4ccnc4)ncc23)c1,9.29,1997,True,360720
CHEMBL126893,CN(C)CCCNc1cc2ncnc(Nc3cccc(Br)c3)c2cn1,8.06,1997,True,369172
CHEMBL126903,CN(CC(=O)O)c1cc2ncnc(Nc3cccc(Br)c3)c2cn1,7.8,1997,True,386249
CHEMBL127041,OCCNc1cc2ncnc(Nc3cccc(Br)c3)c2cn1,9.62,1997,True,359320
CHEMBL127058,OCCN(CCO)CCCNc1cc2ncnc(Nc3cccc(Br)c3)c2cn1,8.92,1997,True,353632
CHEMBL127082,CNc1cc2ncnc(Nc3cccc(C)c3)c2cn1,8.85,1997,True,369173
CHEMBL127086,O=C(O)CCNc1cc2ncnc(Nc3cccc(Br)c3)c2cn1,9.21,1997,True,387974
CHEMBL127611,CN(CC(O)C(O)C(O)C(O)CO)c1cc2ncnc(Nc3cccc(Br)c3)c2cn1,8.49,1997,True,384687
CHEMBL128432,CN(C)CCNc1cc2ncnc(Nc3cccc(Br)c3)c2cn1,7.35,1997,True,379120
CHEMBL128467,O=S(=O)(O)CCNc1cc2ncnc(Nc3cccc(Br)c3)c2cn1,8.85,1997,True,353633
CHEMBL128468,O=C(O)CCCNc1cc2ncnc(Nc3cccc(Br)c3)c2cn1,9.55,1997,True,360724
CHEMBL128759,OCCN(CCO)c1cc2ncnc(Nc3cccc(Br)c3)c2cn1,7.92,1997,True,370697
CHEMBL128987,Brc1cccc(Nc2ncnc3cc(NCCN4CCOCC4)ncc23)c1,8.49,1997,True,352155
CHEMBL129509,Cc1cccc(Nc2ncnc3cc(NCCCN4CCOCC4)ncc23)c1,8.03,1997,True,348083
CHEMBL129579,OCC(O)C(O)C(O)C(O)CNc1cc2ncnc(Nc3cccc(Br)c3)c2cn1,8.32,1997,True,369171
CHEMBL129824,CN(C)CCCCCNc1cc2ncnc(Nc3cccc(Br)c3)c2cn1,8.08,1997,True,376359
CHEMBL129825,CN(C)CCCCNc1cc2ncnc(Nc3cccc(Br)c3)c2cn1,8.13,1997,True,367856
CHEMBL135577,CCN(CC)CCNC(=O)c1c([Se][Se]c2[nH]c3ccccc3c2C(=O)NCCN(CC)CC)[nH]c2ccccc12,5.34,1997,False,329906
CHEMBL135853,COc1cc2ncnc(Oc3cccc(Cl)c3)c2cc1OC,7.7,1997,True,485904
CHEMBL135861,CNC(=O)c1c([Se][Se]c2[nH]c3ccccc3c2C(=O)NC)[nH]c2ccccc12,4.89,1997,False,313559
CHEMBL135902,COc1cc2ncnc(Sc3cccc(Cl)c3)c2cc1OC,8.0,1997,True,495295
CHEMBL137422,CNC(=O)c1c([Se][Se]c2c(C(=O)NC)c3ccccc3n2C)n(C)c2ccccc12,5.21,1997,False,332492
CHEMBL20926,Cc1ccc(NC(=O)c2ccccc2)cc1Nc1nccc(-c2cccnc2)n1,4.19,1997,False,937850
CHEMBL263666,CCN(CC)CCNC(=O)c1c([Se][Se]c2c(C(=O)NCCN(CC)CC)c3ccccc3n2C)n(C)c2ccccc12,5.33,1997,False,317294
CHEMBL287007,CN(C)Cc1c[nH]c2cc3ncnc(Nc4cccc(Br)c4)c3cc12,8.59,1997,True,189000
CHEMBL287289,CN(C)CCCn1ccc2cc3c(Nc4cccc(Br)c4)ncnc3cc21,7.68,1997,True,199604
CHEMBL287832,CN(C)CCn1ncc2cc3c(Nc4cccc(Br)c4)ncnc3cc21,7.4,1997,True,205655
CHEMBL289162,O=C(O)Cn1ccc2cc3c(Nc4cccc(Br)c4)ncnc3cc21,8.29,1997,True,200770
CHEMBL289213,CN(CC(=O)O)Cc1c[nH]c2cc3ncnc(Nc4cccc(Br)c4)c3cc12,9.14,1997,True,202124
CHEMBL289959,c1ccc(Nc2ncnc3ccccc23)cc1,6.46,1997,False,214991
CHEMBL290096,Brc1cccc(Nc2ncnc3ccccc23)c1,7.57,1997,True,192570
CHEMBL29197,COc1cc2ncnc(Nc3cccc(Br)c3)c2cc1OC,10.6,1997,True,187807
CHEMBL293991,NCCCn1ccc2c(-c3ccnc(Nc4cccc(OC(F)(F)C(F)F)c4)n3)cccc21,6.28,1997,False,933478
CHEMBL294475,Brc1cccc(Nc2ncnc3cnc(NCCN4CCOCC4)nc23)c1,9.09,1997,True,113901
CHEMBL298931,Cc1cccc(Nc2ncnc3cnc(N)nc23)c1,7.77,1997,True,109692
CHEMBL299026,CCN(CC)CCCNc1ncc2cc(-c3c(Cl)cccc3Cl)c(NC(=O)NC(C)(C)C)nc2n1,5.21,1997,False,278593
CHEMBL299622,CNc1ncc2ncnc(Nc3cccc(Br)c3)c2n1,9.12,1997,True,119990
CHEMBL299707,COc1ccccc1C(=O)Nc1cccc(Nc2nccc(-c3cccnc3)n2)c1,4.0,1997,False,929355
CHEMBL299763,COc1cc(OC)cc(-c2cc3cnc(N)nc3nc2NC(=O)NC(C)(C)C)c1,4.3,1997,False,856140
CHEMBL299881,Cc1cccc(Nc2ncnc3cnc(NCCN4CCOCC4)nc23)c1,8.64,1997,True,121310
CHEMBL300217,Nc1ccc2ncnc(Nc3cccc(Br)c3)c2n1,8.12,1997,True,144687
CHEMBL301483,CCNC(=O)Nc1nc2nc(NCCCCN(CC)CC)ncc2cc1-c1c(Cl)cccc1Cl,5.9,1997,False,301871
CHEMBL319540,Cc1c(C)n(-c2ccccc2)c2ncnc(N)c12,5.57,1997,False,1179473
CHEMBL328277,COc1cc2ncnc(N3CCc4ccccc43)c2cc1OC,6.09,1997,False,979936
CHEMBL329867,COc1cc2ncnc(Nc3cncc4ccccc34)c2cc1OC,8.19,1997,True,968672
CHEMBL330323,COc1cc2ncnc(Nc3nccc4ccccc34)c2cc1OC,6.7,1997,True,953326
CHEMBL330668,COc1cc2ncnc(Nc3cnc4ccccc4n3)c2cc1OC,6.11,1997,False,967485
CHEMBL331906,Oc1cccc(-c2[nH]nc3ncnc(Nc4cccc(Cl)c4)c23)c1,7.58,1997,True,1158334
CHEMBL332333,c1ccc(Nc2nc[nH]c3nnc(Nc4ccccc4)c2-3)cc1,7.24,1997,True,1145604
CHEMBL332612,Nc1ccc(Nc2[nH]nc3ncnc(Nc4cccc(Cl)c4)c23)cc1,8.3,1997,True,1144368
CHEMBL332765,CN(C)c1ccc(Nc2[nH]nc3ncnc(Nc4cccc(Cl)c4)c23)cc1,7.54,1997,True,1153154
CHEMBL332882,Nc1cccc(-c2[nH]nc3ncnc(Nc4cccc(Cl)c4)c23)c1,8.3,1997,True,1145611
CHEMBL332906,Nc1ccc(-c2[nH]nc3ncnc(Nc4cccc(Cl)c4)c23)cc1,8.7,1997,True,1158342
CHEMBL332971,COc1ccc(-c2[nH]nc3ncnc(Nc4cccc(Cl)c4)c23)cc1,7.02,1997,True,1162578
CHEMBL333038,Clc1cccc(Nc2nc[nH]c3nnc(Nc4cccc(Cl)c4)c2-3)c1,6.6,1997,True,1171620
CHEMBL333231,Clc1cccc(CNc2[nH]nc3ncnc(Nc4cccc(Cl)c4)c23)c1,7.58,1997,True,1162570
CHEMBL334026,Clc1cccc(Nc2[nH]nc3ncnc(Oc4cccc(Cl)c4)c23)c1,4.62,1997,False,1169286
CHEMBL334439,CCN(CC)CCn1c([Se][Se]c2c(C(=O)NC)c3ccccc3n2CCN(CC)CC)c(C(=O)NC)c2ccccc21,5.16,1997,False,335194
CHEMBL334915,Cn1c([Se][Se]c2c(C(=O)O)c3ccccc3n2C)c(C(=O)O)c2ccccc21,5.46,1997,False,331168
CHEMBL335052,CN(c1ccccc1)c1[nH]cnc2ncnc1-2,5.7,1997,False,1083250
CHEMBL336409,N[C@H](Cc1c([Se][Se]c2[nH]c3ccccc3c2C[C@H](N)C(=O)NCc2ccccc2)[nH]c2ccccc12)C(=O)NCc1ccccc1,6.05,1997,False,328640
CHEMBL336410,O=C(NCc1ccccc1)[C@H](Cc1c([Se][Se]c2[nH]c3ccccc3c2C[C@@H](NC(=O)C(F)(F)F)C(=O)NCc2ccccc2)[nH]c2ccccc12)NC(=O)C(F)(F)F,5.16,1997,False,345343
CHEMBL338114,Brc1cccc(Nc2ncnc3cc(NCCc4c[nH]cn4)ncc23)c1,9.04,1997,True,355098
CHEMBL338175,O=C(O)CNc1cc2ncnc(Nc3cccc(Br)c3)c2cn1,8.82,1997,True,389440
CHEMBL338215,Cc1cccc(Nc2ncnc3cc(NCCCCN(C)C)ncc23)c1,8.27,1997,True,352160
CHEMBL339416,[O-][N+]1(CCCNc2cc3ncnc(Nc4cccc(Br)c4)c3cn2)CCOCC1,9.13,1997,True,361830
CHEMBL340399,Cc1cccc(Nc2ncnc3cc(NCCc4c[nH]cn4)ncc23)c1,8.14,1997,True,383411
CHEMBL340484,CN1CCN(CCCNc2cc3ncnc(Nc4cccc(Br)c4)c3cn2)CC1,8.31,1997,True,353631
CHEMBL340508,NNc1cc2ncnc(Nc3cccc(Br)c3)c2cn1,8.15,1997,True,356556
CHEMBL340700,CN(CC(O)CO)c1cc2ncnc(Nc3cccc(Br)c3)c2cn1,8.49,1997,True,355097
CHEMBL340898,Cc1cccc(Nc2ncnc3cc(NCCCn4ccnc4)ncc23)c1,8.46,1997,True,352158
CHEMBL341319,CN(CCO)c1cc2ncnc(Nc3cccc(Br)c3)c2cn1,8.59,1997,True,356555
CHEMBL341522,Cc1cccc(Nc2ncnc3cc(NCCCN4CCN(C)CC4)ncc23)c1,8.25,1997,True,360725
CHEMBL36164,OCCN(CCO)Cc1c[nH]c2cc3ncnc(Nc4cccc(Br)c4)c3cc12,8.46,1997,True,220991
CHEMBL36727,Cn1ccc2cc3c(Nc4cccc(Br)c4)ncnc3cc21,9.1,1997,True,210398
CHEMBL36819,O=C(O)Cn1ncc2cc3c(Nc4cccc(Br)c4)ncnc3cc21,7.28,1997,True,191433
CHEMBL36967,Brc1cccc(Nc2ncnc3cc4[nH]cc(CN5CCOCC5)c4cc23)c1,8.32,1997,True,219940
CHEMBL37346,Brc1cccc(Nc2ccnc3ccccc23)c1,5.26,1997,False,189002
CHEMBL37373,CN(C)CCn1ccc2cc3c(Nc4cccc(Br)c4)ncnc3cc21,7.39,1997,True,202120
CHEMBL37543,OCC(O)Cn1ncc2cc3c(Nc4cccc(Br)c4)ncnc3cc21,7.92,1997,True,199602
CHEMBL38199,Brc1cccc(Nc2ncnc3cc4c(cnn4CCN4CCOCC4)cc23)c1,8.43,1997,True,185100
CHEMBL39320,Cn1ncc2cc3c(Nc4cccc(Br)c4)ncnc3cc21,9.43,1997,True,200768
CHEMBL39337,Brc1cccc(Nc2ncnc3cc4[nH]ncc4cc23)c1,9.36,1997,True,208007
CHEMBL39355,Brc1cccc(Nc2ncnc3cc4c(cnn4CCCN4CCOCC4)cc23)c1,8.06,1997,True,210400
CHEMBL39715,COC(=O)CN(C)Cc1c[nH]c2cc3ncnc(Nc4cccc(Br)c4)c3cc12,8.47,1997,True,202122
CHEMBL39811,CN(C)CCN(C)Cc1c[nH]c2cc3ncnc(Nc4cccc(Br)c4)c3cc12,8.12,1997,True,209193
CHEMBL40130,Brc1cccc(Nc2ncnc3cc4c(ccn4CCN4CCOCC4)cc23)c1,8.43,1997,True,191435
CHEMBL416307,Cc1cccc(Nc2ncnc3cnc(NCCc4c[nH]cn4)nc23)c1,8.52,1997,True,123785
CHEMBL416611,OCC(O)Cn1ccc2cc3c(Nc4cccc(Br)c4)ncnc3cc21,8.8,1997,True,218693
CHEMBL417420,Brc1cccc(Nc2ncnc3cnc(NCCCN4CCOCC4)nc23)c1,8.54,1997,True,112518
CHEMBL419137,COc1cc2ncnc(NC3CC3c3ccccc3)c2cc1OC,8.0,1997,True,974947
CHEMBL420059,COc1cc2ncnc(NC3CC3c3ccccc3)c2cc1OCCN1CCOCC1,6.52,1997,True,972501
CHEMBL420624,Nc1ccc2c(Nc3cccc(Br)c3)ncnc2c1,10.0,1997,True,367865
CHEMBL420885,CC(C)(C)OC(=O)Nc1ccc(-c2[nH]nc3ncnc(Nc4cccc(Cl)c4)c23)cc1,6.57,1997,True,1169278
CHEMBL422066,COc1cc2ncnc(NNc3ccc(F)c(Cl)c3)c2cc1OC,6.37,1997,False,956081
CHEMBL432738,CCNC(=O)Nc1nc2nc(N)ncc2cc1-c1c(Cl)cccc1Cl,5.87,1997,False,296902
CHEMBL435993,OCCN(CCO)CCNc1cc2ncnc(Nc3cccc(Br)c3)c2cn1,8.04,1997,True,352157
CHEMBL45827,CCN(CC)CCCCNc1ncc2cc(-c3c(Cl)cccc3Cl)c(NC(=O)NC(C)(C)C)nc2n1,6.62,1997,True,284487
CHEMBL50027,Clc1ncc2ncnc(Nc3ccccc3)c2n1,5.59,1997,False,121311
CHEMBL50519,COc1ccc2ncnc(Nc3cccc(Br)c3)c2n1,8.37,1997,True,132844
CHEMBL51228,Brc1cccc(Nc2ncnc3cnc(NCCCn4ccnc4)nc23)c1,8.64,1997,True,127787
CHEMBL51853,Nc1cc2c(Nc3cccc(Br)c3)ncnc2cn1,9.89,1997,True,130239
CHEMBL51854,COc1ncc2ncnc(Nc3cccc(Br)c3)c2n1,8.42,1997,True,108323
CHEMBL52015,CN(C)c1ccc2ncnc(Nc3cccc(Br)c3)c2c1,7.08,1997,True,130236
CHEMBL52076,Nc1cc2ncnc(Nc3cccc(Br)c3)c2cn1,8.0,1997,True,383413
CHEMBL52197,COc1ccc2ncnc(Nc3cccc(Br)c3)c2c1,7.52,1997,True,141112
CHEMBL52591,CNc1ncc2ncnc(Nc3cccc(C)c3)c2n1,8.37,1997,True,111131
CHEMBL52765,Nc1ccc2ncnc(Nc3cccc(Br)c3)c2c1,9.11,1997,True,139013
CHEMBL52823,Cc1cccc(Nc2ncnc3cnc(Cl)nc23)c1,6.42,1997,False,106120
CHEMBL52829,Cc1cccc(Nc2ncnc3cnc(N(C)C)nc23)c1,8.4,1997,True,106119
CHEMBL53156,CNc1ccc2ncnc(Nc3cccc(Br)c3)c2n1,8.51,1997,True,125108
CHEMBL53310,CNc1ncc2ncnc(Nc3ccccc3)c2n1,7.89,1997,True,115064
CHEMBL53311,Clc1ncc2ncnc(Nc3cccc(Br)c3)c2n1,7.09,1997,True,118874
CHEMBL53426,Brc1cccc(Nc2ncnc3cnc(NCCc4c[nH]cn4)nc23)c1,9.6,1997,True,122535
CHEMBL53428,CN(C)c1cc2ncnc(Nc3cccc(Br)c3)c2cn1,10.05,1997,True,376356
CHEMBL53711,CN(C)c1cc2c(Nc3cccc(Br)c3)ncnc2cn1,8.59,1997,True,122537
CHEMBL53777,CN(C)c1ncc2ncnc(Nc3cccc(Br)c3)c2n1,9.02,1997,True,135211
CHEMBL53796,CN(C)c1ccc2ncnc(Nc3cccc(Br)c3)c2n1,8.02,1997,True,130237
CHEMBL53831,Nc1ncc2ncnc(Nc3cccc(Br)c3)c2n1,8.82,1997,True,121309
CHEMBL539807,COc1cc2ncnc(N(C)c3cccc(C(F)(F)F)c3)c2cc1OC.Cl,4.52,1997,False,1093086
CHEMBL54067,CN(C)CCNc1ncc2ncnc(Nc3cccc(Br)c3)c2n1,7.46,1997,True,140014
CHEMBL542484,COc1cc2ncnc(Nc3ccccc3)c2cc1OC.Cl,7.3,1997,True,488289
CHEMBL542729,COc1ccc2ncnc(Nc3cc(OC)c(OC)c(OC)c3)c2c1.Cl,7.0,1997,True,502540
CHEMBL542733,COc1ccc(Nc2ncnc3cc(OC)c(OC)cc23)cc1.Cl,6.6,1997,True,509882
CHEMBL543195,COc1cc2ncnc(N(C)c3ccc(Cl)cc3)c2cc1OC.Cl,5.52,1997,False,1086483
CHEMBL543661,COc1cc(Nc2ncnc3cc(OC)c(OC)cc23)cc(OC)c1.Cl,5.52,1997,False,479781
CHEMBL543669,COc1cc2ncnc(N(C)c3ccccc3)c2cc1OC.Cl,5.4,1997,False,491827
CHEMBL543904,COc1cc2ncnc(Nc3cc(OC)c(OC)c(OC)c3)c2cc1OC.Cl,6.3,1997,False,497488
CHEMBL54400,CNc1cc2ncnc(Nc3cccc(Br)c3)c2cn1,9.89,1997,True,360722
CHEMBL544833,COc1ccc(Nc2ncnc3cc(OC)c(OC)cc23)cc1OC.Cl,6.46,1997,False,485981
CHEMBL545538,COc1cc2ncnc(N(C)c3ccc(C)cc3)c2cc1OC.Cl,5.4,1997,False,1073909
CHEMBL545541,COc1cc2ncnc(NCc3ccccc3)c2cc1OC.Cl,8.4,1997,True,479831
CHEMBL545776,COc1cc2ncnc(N3CCc4ccccc43)c2cc1OC.Cl,5.52,1997,False,1098820
CHEMBL553523,COc1cc2ncnc(N(C)c3cccc(C)c3)c2cc1OC.Cl,4.92,1997,False,1083248
CHEMBL55379,FC(F)C(F)(F)Oc1cccc(Nc2nccc(-c3c[nH]c4ccccc34)n2)c1,5.75,1997,False,931991
CHEMBL553908,COc1cc2ncnc(N(C)c3cccc(Cl)c3)c2cc1OC.Cl,7.0,1997,True,1067941
CHEMBL554053,CCN(c1ccccc1)c1ncnc2cc(OC)c(OC)cc12.Cl,5.26,1997,False,1096477
CHEMBL554566,Cc1cccc(N(C)c2ncnc3cc(C)c(C)cc23)c1.Cl,5.19,1997,False,1067943
CHEMBL555201,COc1cc2ncnc(Nc3ccc(O)cc3)c2cc1OC.Cl,7.0,1997,True,487116
CHEMBL555321,Cl.Clc1cccc(Nc2ncnc3ccccc23)c1,7.3,1997,True,509788
CHEMBL555797,COc1cc2ncnc(Nc3ccc4c(c3)CCC4)c2cc1OC.Cl,6.22,1997,False,497534
CHEMBL56081,O=[N+]([O-])c1cccc(Nc2nccc(-c3cccnc3)n2)c1,4.0,1997,False,942927
CHEMBL56236,Cc1cc(C)c(C)c(-c2cc3cnc(N)nc3nc2NC(=O)NC(C)(C)C)c1C,5.17,1997,False,288014
CHEMBL57323,Cc1cccc(C)c1-c1cc2cnc(N)nc2nc1NC(=O)NC(C)(C)C,6.21,1997,False,271226
CHEMBL57347,CN1CCN(CCCNc2ncc3cc(-c4c(Cl)cccc4Cl)c(NC(=O)NC(C)(C)C)nc3n2)CC1,6.82,1997,True,271231
CHEMBL57366,CC(C)(C)NC(=O)Nc1nc2nc(N)ncc2cc1-c1c(Cl)cccc1Cl,6.35,1997,False,295509
CHEMBL57553,Nc1cccc(Nc2nccc(-c3cccnc3)n2)c1,4.3,1997,False,941716
CHEMBL57690,c1ccc(Nc2nccc(-c3cccnc3)n2)cc1,4.0,1997,False,939143
CHEMBL58436,c1cc(Nc2nccc(-c3cccnc3)n2)cc(OCCn2ccnc2)c1,5.15,1997,False,928092
CHEMBL59099,NCCCNC(=O)c1cccc(Nc2nccc(-c3cccnc3)n2)c1,4.35,1997,False,921287
CHEMBL62756,Nc1ncnc2c1ncn2-c1ccccc1,4.82,1997,False,1147073
CHEMBL65063,Nc1ncnc2c1cnn2-c1ccccc1,5.57,1997,False,1166648
CHEMBL75188,Cc1cc(C)c(C)c(-c2cc3cnc(NCCCN4CCN(C)CC4)nc3nc2NC(=O)NC(C)(C)C)c1C,5.16,1997,False,271238
CHEMBL76599,CC(C)(C)NC(=O)Nc1nc2nc(N)ncc2cc1-c1ccccc1,5.26,1997,False,278588
CHEMBL90540,COc1cc2ncnc(NC3CC3c3ccccc3)c2cc1OC(C)=O,7.08,1997,True,984834
CHEMBL90541,COc1cc2ncnc(Nc3nnc4ccccc4n3)c2cc1OC,6.09,1997,False,952014
CHEMBL91428,COc1cc2ncnc(Nc3cc4ccccc4cn3)c2cc1OC,6.18,1997,False,967483
CHEMBL91484,COc1cc2ncnc(NC3CC3c3ccccc3)c2cc1OCCCN(C)C,7.57,1997,True,976166
CHEMBL92006,COc1cc2ncnc(/N=N/c3ccc(F)c(Cl)c3)c2cc1OC,6.14,1997,False,968670
CHEMBL92812,CNc1ccc2c(Nc3cccc(Br)c3)ncnc2c1,8.4,1997,True,366476
CHEMBL93173,COc1cc2ncnc(NCc3cccc(C)c3)c2cc1OC,6.77,1997,True,949286
CHEMBL93423,COc1cc2ncnc(NC3CC3c3ccccc3)c2cc1O,6.41,1997,False,963432
CHEMBL94019,COc1cc2ncnc(NC3CCc4ccccc43)c2cc1OC,6.04,1997,False,963430
CHEMBL98137,COc1ccc(Nc2ccnc3cc(OC)c(OC)cc23)cc1OC,4.09,1997,False,420001
CHEMBL98248,COc1cc2nccc(Nc3cccc(Br)c3)c2cc1OC,6.43,1997,False,406678
CHEMBL98798,COc1cc2ncnc(Oc3cccc(Br)c3)c2cc1OC,7.16,1997,True,406680
CHEMBL104153,COc1ccc(Nc2ncc3cc(-c4c(Cl)cccc4Cl)c(=O)n(C)c3n2)cc1,6.66,1998,True,125063
CHEMBL104244,CN1CCN(CCCCNc2ncc3cc(-c4c(Cl)cccc4Cl)c(=O)n(C)c3n2)CC1,6.68,1998,True,135135
CHEMBL104779,Cn1c(=O)c(-c2c(Cl)cccc2Cl)cc2cnc(Nc3ccncc3)nc21,6.04,1998,False,137455
CHEMBL106232,CN1CCN(CCCCCNc2ncc3cc(-c4c(Cl)cccc4Cl)c(=O)n(C)c3n2)CC1,5.35,1998,False,113789
CHEMBL107472,CNc1ncc2cc(-c3c(Cl)cccc3Cl)c(=O)n(C)c2n1,5.12,1998,False,136425
CHEMBL109296,CCNc1ncc2cc(-c3c(Cl)cccc3Cl)c(=O)n(C)c2n1,5.35,1998,False,141071
CHEMBL109631,Cn1c(=O)c(-c2c(Cl)cccc2Cl)cc2cnc(Nc3cccc(C(=O)O)c3)nc21,6.72,1998,True,130156
CHEMBL111197,COc1cccc(Nc2ncc3cc(-c4c(Cl)cccc4Cl)c(=O)n(C)c3n2)c1,7.52,1998,True,107306
CHEMBL111339,Cc1ccc(Nc2ncc3cc(-c4c(Cl)cccc4Cl)c(=O)n(C)c3n2)cc1,6.32,1998,False,141079
CHEMBL111365,COc1ccc(Nc2ncc3cc(-c4c(Cl)cccc4Cl)c(=O)n(C)c3n2)cn1,5.89,1998,False,111014
CHEMBL111434,Cn1c(=O)c(-c2c(Cl)cccc2Cl)cc2cnc(Nc3cccc(Br)c3)nc21,6.17,1998,False,107302
CHEMBL113023,COc1ccc(Nc2ncc3cc(-c4c(Cl)cccc4Cl)c(=O)n(C)c3n2)cc1C,6.6,1998,True,112452
CHEMBL113070,Cn1c(=O)c(-c2c(Cl)cccc2Cl)cc2cnc(Nc3ccc(CCCC(=O)O)cc3)nc21,7.1,1998,True,137444
CHEMBL113863,Cn1c(=O)c(-c2c(Cl)cccc2Cl)cc2cnc(NCCCCCC(=O)O)nc21,6.0,1998,False,128847
CHEMBL161895,Cc1cccc(Nc2ncnc3cnc(NCCc4c[nH]cn4)cc23)c1,8.89,1998,True,740499
CHEMBL161956,CN(CCO)c1cc2c(Nc3cccc(Br)c3)ncnc2cn1,9.66,1998,True,717675
CHEMBL162034,CN(C)CCNc1cc2c(Nc3cccc(Br)c3)ncnc2cn1,8.96,1998,True,752015
CHEMBL162053,CN(C)CCN(C)c1cc2c(Nc3cccc(Br)c3)ncnc2cn1,8.09,1998,True,730448
CHEMBL162142,Brc1cccc(Nc2ncnc3cnc(NCCc4c[nH]cn4)cc23)c1,9.11,1998,True,736586
CHEMBL162223,Brc1cccc(Nc2ncnc3cnc(NCCc4ccccn4)cc23)c1,8.92,1998,True,726943
CHEMBL162508,Cc1cccc(Nc2ncnc3cnc(NCCCN4CCOCC4)cc23)c1,8.74,1998,True,747072
CHEMBL162622,Brc1cccc(Nc2ncnc3cnc(NCCN4CCOCC4)cc23)c1,9.19,1998,True,753172
CHEMBL162719,CN1CCN(c2cc3c(Nc4cccc(Br)c4)ncnc3cn2)CC1,8.19,1998,True,728236
CHEMBL162821,CNc1cc2c(Nc3cccc(C)c3)ncnc2cn1,9.35,1998,True,729369
CHEMBL162981,Brc1cccc(Nc2ncnc3cnc(NCCCn4ccnc4)cc23)c1,8.77,1998,True,748418
CHEMBL163168,O=C(O)CCNc1cc2c(Nc3cccc(Br)c3)ncnc2cn1,7.57,1998,True,744557
CHEMBL163188,Cc1cccc(Nc2ncnc3cnc(N(C)C)cc23)c1,8.55,1998,True,743247
CHEMBL163369,OCCN(CCO)CCCNc1cc2c(Nc3cccc(Br)c3)ncnc2cn1,9.46,1998,True,724536
CHEMBL165228,Cc1nc(Nc2cccc(Br)c2)c2cc(NCCN3CCOCC3)ncc2n1,6.93,1998,True,720034
CHEMBL165495,Cc1cccc(Nc2ncnc3cnc(N)cc23)c1,8.51,1998,True,723305
CHEMBL165508,Brc1cccc(Nc2ncnc3cnc(NCc4cccnc4)cc23)c1,8.82,1998,True,738031
CHEMBL165547,CN(CC(O)CO)c1cc2c(Nc3cccc(Br)c3)ncnc2cn1,9.25,1998,True,738048
CHEMBL165574,Brc1cccc(Nc2ncnc3cnc(NCCCN4CCOCC4)cc23)c1,9.0,1998,True,730451
CHEMBL165630,OCCN(CCO)CCNc1cc2c(Nc3cccc(Br)c3)ncnc2cn1,9.03,1998,True,722128
CHEMBL165731,Cc1cccc(Nc2ncnc3cnc(NCCN4CCOCC4)cc23)c1,8.82,1998,True,718935
CHEMBL165788,CNc1cc2c(Nc3cccc(C(F)(F)F)c3)ncnc2cn1,8.96,1998,True,732758
CHEMBL165864,OCCNc1cc2c(Nc3cccc(Br)c3)ncnc2cn1,9.72,1998,True,739223
CHEMBL166093,OCC(O)CNc1cc2c(Nc3cccc(Br)c3)ncnc2cn1,9.74,1998,True,734069
CHEMBL166154,CNc1cc2c(Nc3cccc(Cl)c3)ncnc2cn1,9.72,1998,True,743245
CHEMBL166255,CN(CCO)CCNc1cc2c(Nc3cccc(Br)c3)ncnc2cn1,8.77,1998,True,722125
CHEMBL166307,CN1CCN(NCCCNc2cc3c(Nc4cccc(Br)c4)ncnc3cn2)CC1,8.41,1998,True,726940
CHEMBL166358,CN(C)CCCNc1cc2c(Nc3cccc(Br)c3)ncnc2cn1,8.92,1998,True,747076
CHEMBL298679,COc1ccc(NC(=O)Nc2nc3nc(NCCCN4CCN(C)CC4)ncc3cc2-c2c(Cl)cccc2Cl)cc1,6.14,1998,False,1175565
CHEMBL299194,CN1CCN(CCCNc2ncc3cc(-c4c(Cl)cccc4Cl)c(=O)n(C)c3n2)CC1,5.06,1998,False,139961
CHEMBL301612,Cn1c(=O)c(-c2c(Cl)cccc2Cl)cc2cnc(Nc3ccccc3)nc21,7.11,1998,True,1149451
CHEMBL314146,CCc1ccc(/C=C2\C(=O)Nc3ccccc32)s1,4.36,1998,False,895622
CHEMBL320705,COc1ccccc1Nc1ncc2cc(-c3c(Cl)cccc3Cl)c(=O)n(C)c2n1,7.18,1998,True,127740
CHEMBL321193,Cn1c(=O)c(-c2c(Cl)cccc2Cl)cc2cnc(Nc3cccc(O)c3)nc21,6.82,1998,True,122509
CHEMBL322298,CCn1c(=O)c(-c2c(Cl)cccc2Cl)cc2cnc(Nc3ccccc3)nc21,6.7,1998,True,107298
CHEMBL324926,COc1cc(Nc2ncc3cc(-c4c(Cl)cccc4Cl)c(=O)n(C)c3n2)cc(OC)c1,6.48,1998,False,118835
CHEMBL325589,Cn1c(=O)c(-c2c(Cl)cccc2Cl)cc2cnc(Nc3cccnc3)nc21,6.29,1998,False,131445
CHEMBL327127,Cn1c(=O)c(-c2c(Cl)cccc2Cl)cc2cnc(Nc3cccc(CO)c3)nc21,7.05,1998,True,113793
CHEMBL332269,CCCCNc1ncc2cc(-c3c(Cl)cccc3Cl)c(=O)n(C)c2n1,5.36,1998,False,144667
CHEMBL349070,CN(C)CCCCNc1cc2c(Nc3cccc(Br)c3)ncnc2cn1,8.74,1998,True,735251
CHEMBL351629,CN(CC(=O)O)c1cc2c(Nc3cccc(Br)c3)ncnc2cn1,9.36,1998,True,718933
CHEMBL355816,O=C(O)CNc1cc2c(Nc3cccc(Br)c3)ncnc2cn1,9.55,1998,True,743244
CHEMBL419022,CCOC(=O)CCCc1ccc(Nc2ncc3cc(-c4c(Cl)cccc4Cl)c(=O)n(C)c3n2)cc1,6.16,1998,False,122513
CHEMBL433520,CCN(CC)CC(O)CNc1cc2c(Nc3cccc(Br)c3)ncnc2cn1,8.34,1998,True,740501
CHEMBL448154,CCn1c(=O)c(-c2c(Cl)cccc2Cl)cc2cnc(Nc3ccncc3)nc21,6.31,1998,False,133984
CHEMBL48760,CC(C)c1ccc(/C=C2/C(=O)Nc3ccccc32)cc1,4.73,1998,False,889814
CHEMBL49120,CCN(CC)CCOc1ccc(Nc2ncc3cc(-c4c(Cl)cccc4Cl)c(=O)n(C)c3n2)cc1,6.46,1998,False,1150683
CHEMBL49596,Cn1c(=O)c(-c2c(Cl)cccc2Cl)cc2cnc(N)nc21,5.25,1998,False,132779
CHEMBL50470,CCN(CC)CCCNc1ncc2cc(-c3c(Cl)cccc3Cl)c(=O)n(C)c2n1,5.87,1998,False,1178188
CHEMBL50647,Cn1c(=O)c(-c2c(Cl)cccc2Cl)cc2cnc(Nc3ccc(CC(=O)O)cc3)nc21,6.66,1998,True,127736
CHEMBL51028,CN1CCN(CCCNc2ncc3cc(-c4c(Cl)cccc4Cl)c(NC(=O)NC4CCCCC4)nc3n2)CC1,6.06,1998,False,1154451
CHEMBL51485,CN1CCN(CCCNc2ncc3cc(-c4c(Cl)cccc4Cl)c(NC(=O)NCc4ccccc4)nc3n2)CC1,6.01,1998,False,1154455
CHEMBL53753,CNc1cc2c(Nc3cccc(Br)c3)ncnc2cn1,7.89,1998,True,725651
CHEMBL53940,CNc1cc2c(Nc3ccccc3)ncnc2cn1,8.05,1998,True,732757
CHEMBL86326,COc1ccc(/C=C2\C(=O)Nc3ccc(Cl)cc32)cc1C(C)(C)C,4.71,1998,False,897991
CHEMBL87746,COc1c(Br)cc(/C=C2\C(=O)Nc3ccccc32)cc1C(C)(C)C,4.72,1998,False,879987
CHEMBL89505,CC(C)(C)c1cc(/C=C2\C(=O)Nc3ccccc32)cc(C(C)(C)C)c1O,5.1,1998,False,892281
CHEMBL89723,CC(C)c1cc(/C=C2\C(=O)Nc3ccc(Cl)cc32)cc(C(C)C)c1O,5.02,1998,False,878687
CHEMBL10,C[S+]([O-])c1ccc(-c2nc(-c3ccc(F)cc3)c(-c3ccncc3)[nH]2)cc1,4.02,1999,False,468916
CHEMBL113185,COc1cc(Nc2nccc(-c3ccc(NCCN)nc3)n2)cc(OC)c1OC,5.29,1999,False,476108
CHEMBL146694,COc1ccccc1-c1ccc2c(c1)NC(=O)/C2=C\c1[nH]c(C)c(CCC(=O)O)c1C,4.5,1999,False,523103
CHEMBL147112,COc1ccccc1-c1ccc2c(c1)NC(=O)/C2=C\c1[nH]cc(CCC(=O)O)c1C,4.72,1999,False,550335
CHEMBL147761,Cc1c[nH]c(/C=C2\C(=O)Nc3cccc(C)c32)c1CCC(=O)O,4.54,1999,False,512713
CHEMBL148514,COc1cccc(-c2ccc3c(c2)NC(=O)/C3=C\c2[nH]cc(CCC(=O)O)c2C)c1,4.52,1999,False,524408
CHEMBL148984,COc1ccc(-c2ccc3c(c2)NC(=O)/C3=C\c2[nH]cc(CCC(=O)O)c2C)cc1,4.64,1999,False,533740
CHEMBL149201,Cc1[nH]c(/C=C2\C(=O)Nc3cc(-c4ccccc4)ccc32)c(C)c1CCC(=O)O,4.66,1999,False,547004
CHEMBL149512,Brc1cccc(Nc2ncnc3c2oc2ccccc23)c1,6.13,1999,False,419123
CHEMBL150177,Cc1[nH]c(/C=C2\C(=O)Nc3ccc(S(N)(=O)=O)cc32)c(C)c1CCC(=O)O,4.07,1999,False,548235
CHEMBL150280,c1ccc(Nc2[nH]cnc3nc4ccccc4c2-3)cc1,6.58,1999,True,405889
CHEMBL151593,CO.Nc1cccc2c1sc1c(Nc3cccc(Br)c3)ncnc12,8.57,1999,True,423344
CHEMBL152905,Nc1ccc2sc3c(Nc4cccc(Br)c4)ncnc3c2c1,9.57,1999,True,393859
CHEMBL152984,Cn1c2ccccc2c2c(Nc3cccc(Br)c3)ncnc21,6.13,1999,False,404725
CHEMBL153170,Brc1cccc(Nc2ncnc3ccc4[nH]cnc4c23)c1,7.54,1999,True,416872
CHEMBL153206,COc1ccc2[nH]c3ncnc(Nc4cccc(Br)c4)c3c2c1,8.92,1999,True,400161
CHEMBL153409,Brc1cccc(Nc2ncnc3c2sc2ncccc23)c1,6.13,1999,False,410711
CHEMBL153419,c1ccc(CNc2ncnc3c2sc2ccccc23)cc1,6.72,1999,True,424483
CHEMBL153518,CCN(CC)CCn1c2ccc(OC)cc2c2c(Nc3cccc(Br)c3)ncnc21,5.37,1999,False,418074
CHEMBL153525,Brc1cccc(Nc2ncnc3ccc4cc[nH]c4c23)c1,8.91,1999,True,393852
CHEMBL153573,Nc1cc2sc3c(Nc4cccc(Br)c4)ncnc3c2cc1F,9.0,1999,True,424488
CHEMBL153739,CN(C)c1ccc2sc3c(Nc4cccc(Br)c4)ncnc3c2c1,7.7,1999,True,401724
CHEMBL155100,Brc1cccc(Nc2ncnc3c2ccc2[nH]cnc23)c1,6.57,1999,True,430775
CHEMBL155278,Cc1cccc(Nc2ncnc3c2sc2ccc(N)cc23)c1,8.68,1999,True,419116
CHEMBL19978,O=C(Nc1ccccc1)NN1C(=O)c2c(c3c4cccc(O)c4n(C4OC(CO)C(O)C(O)C4O)c3c3[nH]c4c(O)cccc4c23)C1=O,4.02,1999,False,913864
CHEMBL2093928,C[C@H](Nc1[nH]cnc2c3ccccc3nc1-2)c1ccccc1.Cl,6.38,1999,False,419115
CHEMBL21096,CCCNN1C(=O)c2c(c3c4cccc(O)c4n(C4OC(CO)C(O)C(O)C4O)c3c3[nH]c4c(O)cccc4c23)C1=O,4.23,1999,False,925207
CHEMBL21108,O=C1NC(=O)c2c1c1c3cccc(O)c3[nH]c1c1c2c2cccc(O)c2n1C1OC(CO)C(O)C(O)C1O,4.05,1999,False,926584
CHEMBL266995,Oc1cc(O)c2c(O)c(-c3cccc(Cl)c3)cnc2c1,8.1,1999,True,587976
CHEMBL277667,CNN1C(=O)c2c(c3c4cccc(O)c4n(C4OC(CO)C(O)C(O)C4O)c3c3[nH]c4c(O)cccc4c23)C1=O,4.0,1999,False,908509
CHEMBL279035,O=C(O)c1ccc(NN2C(=O)c3c(c4c5cccc(O)c5n(C5OC(CO)C(O)C(O)C5O)c4c4[nH]c5c(O)cccc5c34)C2=O)cc1,4.05,1999,False,922521
CHEMBL279481,O=C1NC(=O)c2c1c1c3cccc(O)c3[nH]c1c1[nH]c3c(O)cccc3c21,4.54,1999,False,926577
CHEMBL296168,C=CC(=O)Nc1ccc2ncnc(Nc3cccc(Br)c3)c2n1,8.96,1999,True,883298
CHEMBL297968,C=CC(=O)Nc1ccc2c(Nc3cccc(C)c3)ncnc2c1,8.8,1999,True,868595
CHEMBL3085277,C[C@H](Nc1ncnc2c1sc1ccccc12)c1ccccc1,6.27,1999,False,393853
CHEMBL322066,COc1cc(Nc2nccc(-c3ccc(N4CCNCC4)nc3)n2)cc(OC)c1OC,5.77,1999,False,490584
CHEMBL329672,Clc1cccc(Nc2ncnc3ccccc23)c1,7.64,1999,True,411983
CHEMBL345294,Brc1cccc(Nc2ncnc3ccsc23)c1,7.96,1999,True,419114
CHEMBL345988,Nc1nc(Nc2cccc(Br)c2)c2c(n1)[nH]c1ccccc12,6.83,1999,True,418072
CHEMBL346846,COc1ccc2c(c1)sc1c(Nc3cccc(Br)c3)ncnc12,7.1,1999,True,400167
CHEMBL346863,Brc1cccc(Nc2ncnc3c2sc2ncsc23)c1.CO,7.4,1999,True,409491
CHEMBL347074,Cc1c(CCC(=O)O)c[nH]c1/C=C1\C(=O)Nc2cc(-c3ccccc3)ccc21,4.66,1999,False,536428
CHEMBL347282,Nc1ccc2sc3c(Nc4cccc(C(F)(F)F)c4)ncnc3c2c1,7.33,1999,True,407150
CHEMBL355982,Brc1cccc(Nc2ncnc3sccc23)c1,7.46,1999,True,418071
CHEMBL356850,Brc1cccc(Nc2ncnc3c2sc2ccccc23)c1,8.74,1999,True,423336
CHEMBL357367,CCO.Nc1ccc2sc3c(Nc4ccccc4)ncnc3c2c1,8.03,1999,True,423343
CHEMBL357570,CCNc1cc2sc3c(Nc4cccc(Br)c4)ncnc3c2cc1F.CCO,8.1,1999,True,424490
CHEMBL358728,COc1cccc(-c2ccc3c(c2)NC(=O)/C3=C\c2[nH]c(C)c(CCC(=O)O)c2C)c1,4.62,1999,False,544204
CHEMBL358934,CCO.CNc1ccc2sc3c(Nc4cccc(Br)c4)ncnc3c2c1,8.96,1999,True,425687
CHEMBL367625,CCn1cnc2c(Nc3cccc(Cl)c3)nc(N[C@@H]3CCCC[C@@H]3N)nc21,5.7,1999,False,1010794
CHEMBL368278,CCn1cnc2c(Nc3cccc(Cl)c3)nc(N[C@H]3CCC[C@@H](N)C3)nc21,5.28,1999,False,1003166
CHEMBL40734,Brc1cccc(Nc2ncnc3cc4[nH]ccc4cc23)c1,9.41,1999,True,415681
CHEMBL415738,Cc1cccc(Nc2cc(NCCO)ncn2)c1,9.0,1999,True,410710
CHEMBL423224,Brc1cccc(Nc2[nH]cnc3nc4ccccc4c2-3)c1,7.51,1999,True,407148
CHEMBL430571,C=CC(=O)Nc1ccc2ncnc(Nc3ccc(OCc4ccccc4)cc3)c2c1,8.44,1999,True,875861
CHEMBL440453,COc1cc(O)c2c(O)c(-c3cccc(Cl)c3)cnc2c1,7.42,1999,True,566924
CHEMBL443523,C=CC(=O)Nc1ccc2c(Nc3cccc(Br)c3)ncnc2c1,9.35,1999,True,891879
CHEMBL448730,CCN(CC)CCn1c2ccccc2c2c(Nc3cccc(Br)c3)ncnc21,5.39,1999,False,396600
CHEMBL450622,COc1cccc(-c2ccc3c(c2)NC(=O)/C3=C\c2[nH]cc(C)c2CCC(=O)O)c1,4.31,1999,False,514080
CHEMBL49986,C=CC(=O)Nc1cc2ncnc(Nc3cccc(Br)c3)c2cn1,9.27,1999,True,889460
CHEMBL5173075,c1ccc(CNc2ncnc3c2[nH]c2ccccc23)cc1,6.34,1999,False,409490
CHEMBL51741,C=CC(=O)Nc1ccc2ncnc(N3CCc4ccc(Br)cc43)c2c1,9.4,1999,True,883301
CHEMBL52913,C=CC(=O)Nc1ccc2c(Nc3cccc(Cl)c3)ncnc2c1,9.6,1999,True,875865
CHEMBL53203,C=CC(=O)Nc1ccc2ncnc(Nc3ccc(Oc4ccccc4)cc3)c2c1,8.32,1999,True,902742
CHEMBL53555,C=CC(=O)Nc1cc2c(Nc3ccc(F)c(Cl)c3)ncnc2cn1,9.11,1999,True,898965
CHEMBL53637,C=CC(=O)Nc1ccc2ncnc(Nc3cccc(Cl)c3)c2c1,8.8,1999,True,899026
CHEMBL53665,C=CC(=O)Nc1ccc2ncnc(Nc3ccc(F)c(Br)c3)c2n1,8.92,1999,True,879562
CHEMBL53690,C=CC(=O)Nc1ccc2ncnc(Nc3cccc(C(F)(F)F)c3)c2c1,9.04,1999,True,867376
CHEMBL538814,Cl.O=[N+]([O-])c1ccc2sc3c(Nc4cccc(C(F)(F)F)c4)ncnc3c2c1,6.34,1999,False,396602
CHEMBL53898,N#C/C(=C\c1ccc(O)c(O)c1)C(=O)NCCCc1ccccc1,6.16,1999,False,675130
CHEMBL539822,Cl.Nc1ccc2c(c1)sc1c(Nc3cccc(Br)c3)ncnc12,9.33,1999,True,421928
CHEMBL540082,Cl.O=[N+]([O-])c1cccc2c1sc1c(Nc3cccc(Br)c3)ncnc12,6.8,1999,True,421929
CHEMBL540590,Cl.O=[N+]([O-])c1ccc2c(c1)sc1c(Nc3cccc(Br)c3)ncnc12,7.32,1999,True,427152
CHEMBL54088,C=CC(=O)Nc1cc2c(Nc3cccc(C)c3)ncnc2cn1,9.32,1999,True,896532
CHEMBL54091,C=CC(=O)Nc1cc2c(Nc3ccc(F)c(Br)c3)ncnc2cn1,9.14,1999,True,878345
CHEMBL542755,COc1cccc2sc3c(Nc4cccc(Br)c4)ncnc3c12.Cl,7.7,1999,True,397800
CHEMBL544640,Cl.c1ccc(Nc2[nH]cnc3c4ccccc4nc2-3)cc1,5.68,1999,False,405888
CHEMBL544865,COc1cc2sc3c(Nc4cccc(Br)c4)ncnc3c2cc1OC.Cl,6.35,1999,False,427153
CHEMBL544867,Cc1cccc(Nc2ncnc3c2sc2ccc([N+](=O)[O-])cc23)c1.Cl,7.96,1999,True,396601
CHEMBL544868,Cl.O=[N+]([O-])c1ccc2sc3c(Nc4ccccc4)ncnc3c2c1,7.24,1999,True,418075
CHEMBL553137,Cl.Cn1c2ccccc2c2ncnc(Nc3cccc(Br)c3)c21,6.88,1999,True,414368
CHEMBL553351,Cl.O=[N+]([O-])c1ccc2sc3c(Nc4cccc(Br)c4)ncnc3c2c1,7.91,1999,True,405890
CHEMBL555921,COc1cccc2c1sc1c(Nc3cccc(Br)c3)ncnc12.Cl,7.9,1999,True,428393
CHEMBL56543,N#C/C(=C\c1ccc(O)c(O)c1)C(=O)NCc1ccccc1,7.0,1999,True,692413
CHEMBL6195771,Brc1cccc(Nc2ncnc3c2[nH]c2ccccc23)c1.Cl,7.14,1999,True,425685
CHEMBL7339,COc1cc(O)c2c(=O)c(-c3cccc(Cl)c3)coc2c1,5.9,1999,False,584258
CHEMBL7699,O=c1c(-c2cccc(Cl)c2)coc2cc(O)ccc12,4.23,1999,False,561023
CHEMBL7810,COc1cc(O)c2c(=O)c(-c3cccc(Cl)c3)cn(CCc3ccccc3)c2c1,5.82,1999,False,570883
CHEMBL7819,COc1cc(O)c2c(=O)c(-c3cccc(Cl)c3)cn(C)c2c1,6.77,1999,True,578203
CHEMBL7827,O=c1c(-c2cccc(Cl)c2)coc2cc(O)cc(O)c12,7.02,1999,True,565745
CHEMBL7866,COC(=O)Cn1cc(-c2cccc(Cl)c2)c(=O)c2c(O)cc(OC)cc21,7.19,1999,True,572080
CHEMBL105436,COc1cccc(-c2cn(-c3ccc(CCN(C)CCO)cc3)c3ncnc(N)c23)c1,6.52,2000,True,729938
CHEMBL154580,C=CC(=O)c1ccc2ccccc2c1,5.0,2000,False,978694
CHEMBL169757,Nc1ncnc2c1c(-c1ccccc1)cn2-c1ccccc1,6.3,2000,False,746477
CHEMBL172973,COc1cccc(-c2cn(-c3ccccc3)c3ncnc(N)c23)c1,6.3,2000,False,727654
CHEMBL173453,Nc1ncnc2c1c(-c1ccccc1)cn2-c1ccc(CNCCO)cc1,5.85,2000,False,727663
CHEMBL173478,Nc1ncnc2c1c(-c1ccccc1)cn2-c1cccc(CO)c1,6.22,2000,False,742608
CHEMBL174634,Cc1ccccc1-c1cn(-c2ccccc2)c2ncnc(N)c12,5.58,2000,False,715862
CHEMBL175409,COc1cccc(-c2cn(-c3ccc(CC(=O)NCCO)cc3)c3ncnc(N)c23)c1,6.1,2000,False,735998
CHEMBL176309,Nc1ncnc2c1c(-c1cccc(Cl)c1)cn2-c1ccccc1,6.16,2000,False,722683
CHEMBL176470,Nc1ncnc2c1c(-c1ccccc1)cn2-c1ccccc1CNCCO,5.19,2000,False,720617
CHEMBL176702,Nc1ncnc2c1c(-c1ccccc1)cn2-c1cccc(CNCCO)c1,5.47,2000,False,717180
CHEMBL176705,COc1ccc(-c2cn(-c3ccccc3)c3ncnc(N)c23)cc1,6.46,2000,False,720612
CHEMBL176815,COc1cccc(-c2cn(-c3cccc(CO)c3)c3ncnc(N)c23)c1,6.1,2000,False,741235
CHEMBL22978,CN1CCC(O)(c2nc(-c3ccc(F)cc3)c(-c3ccncc3)o2)CC1,6.1,2000,False,736015
CHEMBL27685,C=CC(=O)Nc1cc2c(Nc3ccc(F)c(Br)c3)ncnc2cc1OCCCN1CCOCC1,8.74,2000,True,796535
CHEMBL27688,C=CC(=O)Nc1cc2c(Nc3cccc(C)c3)ncnc2cc1OCCCN1CCOCC1,8.82,2000,True,798854
CHEMBL280757,C=CC(=O)Nc1ccc2ncnc(Nc3ccc(F)c(Br)c3)c2c1,9.16,2000,True,811442
CHEMBL281543,C=CC(=O)Nc1nc2c(Nc3ccc(F)c(Cl)c3)ncnc2cc1CCCCN1CCOCC1,8.57,2000,True,816305
CHEMBL283201,C=CC(=O)Nc1ccc2ncnc(Nc3ccc(CN(C)C)c(Br)c3)c2c1,7.35,2000,True,824519
CHEMBL28418,C=CC(=O)Nc1ccc2ncnc(Nc3ccc(F)c(Cl)c3)c2n1,9.12,2000,True,813921
CHEMBL284326,C=CC(=O)Nc1nc2c(Nc3ccc(F)c(Cl)c3)ncnc2cc1OCCCN1CCN(C)CC1,8.18,2000,True,816309
CHEMBL286343,C=CC(=O)Nc1cc2c(Nc3cccc(Br)c3)ncnc2cc1OCCCn1ccnc1,8.52,2000,True,789300
CHEMBL290389,COc1cc(/C=C(\C#N)C(N)=O)cc(Sc2nc3ccccc3s2)c1O,6.46,2000,False,1196231
CHEMBL31326,C=CC(=O)Nc1cc2c(Nc3cccc(Br)c3)ncnc2cc1SCCCN(CC)CC,9.11,2000,True,807573
CHEMBL31369,C=CC(=O)Nc1ccc2ncnc(Nc3ccc(OCCN(C)C)c(Br)c3)c2c1,7.57,2000,True,824522
CHEMBL31373,C=CC(=O)Nc1ccc2ncnc(Nc3ccc(F)c(Cl)c3)c2c1,9.12,2000,True,800022
CHEMBL31419,C=CC(=O)Nc1cc2c(Nc3cccc(Br)c3)ncnc2cc1OCCCN1CCOCC1,8.44,2000,True,806306
CHEMBL31570,C=CC(=O)Nc1nc2c(Nc3ccc(F)c(Cl)c3)ncnc2cc1OCCOC,9.01,2000,True,819948
CHEMBL31588,C=CC(=O)Nc1cc2c(Nc3cccc(Br)c3)ncnc2cc1OCCCCN(C)C,8.41,2000,True,803710
CHEMBL31622,C=CC(=O)Nc1cc2c(Nc3cccc(C)c3)ncnc2cc1OCCCN1CCN(C)CC1,8.7,2000,True,819945
CHEMBL31630,C=CC(=O)N(C)c1nc2c(Nc3ccc(F)c(Cl)c3)ncnc2cc1OCCCN1CCOCC1,7.7,2000,True,796539
CHEMBL31656,C=CC(=O)Nc1nc2c(Nc3ccc(F)c(Cl)c3)ncnc2cc1OCCCN1CCOCC1,8.82,2000,True,803713
CHEMBL31815,C=CC(=O)Nc1ccc2ncnc(Nc3cccc(C)c3)c2c1,9.38,2000,True,807576
CHEMBL31816,C=CC(=O)Nc1nc2c(Nc3ccc(F)c(Cl)c3)ncnc2cc1OC,9.02,2000,True,801239
CHEMBL31965,C=CC(=O)Nc1cc2c(Nc3ccc(F)c(Cl)c3)ncnc2cc1OCCCN1CCOCC1,8.82,2000,True,790534
CHEMBL32079,C=CC(=O)Nc1cc2c(Nc3ccc(F)c(Cl)c3)ncnc2cc1OCCOCCCCO,8.77,2000,True,817636
CHEMBL32844,C=CC(=O)Nc1cc2c(Nc3cccc(Br)c3)ncnc2cc1OCCCN1CCN(C)CC1,8.77,2000,True,803707
CHEMBL366831,CNc1ncnc2c1c(-c1ccccc1)cn2-c1ccccc1,4.51,2000,False,742603
CHEMBL367442,Nc1ncnc2c1c(-c1ccccc1)cn2-c1ccc(CO)cc1,6.16,2000,False,718312
CHEMBL369014,CCOC(=O)c1ccc(-c2cn(-c3ccccc3)c3ncnc(N)c23)cc1,5.89,2000,False,725109
CHEMBL39295,COc1cc(/C=C(\C#N)c2ccccn2)ccc1O,5.68,2000,False,1218729
CHEMBL417478,C=CC(=O)Nc1nc2c(Nc3ccc(F)c(Cl)c3)ncnc2cc1/C=C/CCN1CCOCC1,9.8,2000,True,802489
CHEMBL424375,COc1cccc(-c2cn(-c3ccc(CNCCO)cc3)c3ncnc(N)c23)c1,6.52,2000,True,741240
CHEMBL429057,Nc1ncnc2c1c(-c1ccccc1)cn2-c1ccccc1CO,5.96,2000,False,715867
CHEMBL431996,O=C(O)CCc1c(/C=C2\C(=O)Nc3ccc(C(=O)O)cc32)[nH]c2c1CCCC2,4.25,2000,False,84549
CHEMBL432941,COc1cccc(-c2ccc3c(c2)NC(=O)/C3=C\c2[nH]c3c(c2CCC(=O)O)CCCC3)c1,5.05,2000,False,78012
CHEMBL43417,N#C/C(=C\c1ccc(Oc2ccccc2)c(I)c1)c1ccccn1,4.34,2000,False,1221311
CHEMBL43689,N#C/C(=C\c1ccc(O)cc1)c1ccccn1,4.14,2000,False,1216108
CHEMBL47940,Nc1ncnc2c1c(-c1ccc(Oc3ccccc3)cc1)cn2C1CCCC1,5.5,2000,False,62149
CHEMBL498247,CCC(C)[C@@H]1[C@@](C)(C(=O)/C=C/OC)[C@H]2[C@H](C)C[C@@](C)(O)C[C@]2(O)C(=O)[C@@]1(C)O,4.98,2000,False,2181225
CHEMBL498248,CO[C@H](C)c1c(O)cc2c(c1O)C(=O)c1c(O)cc(O)cc1C2=O,4.56,2000,False,2181227
CHEMBL498249,CO[C@H](C)c1c(O)cc2c(c1O)C(=O)c1c(cc(O)c(O)c1O)C2=O,4.39,2000,False,2181226
CHEMBL524820,C[C@@H](O)c1c(O)cc2c(c1O)C(=O)c1c(O)cc(O)cc1C2=O,4.43,2000,False,2181228
CHEMBL538798,CC(C)N(CCC(=O)c1ccc2ccccc2c1)Cc1ccccc1.Cl,5.6,2000,False,972648
CHEMBL86531,NS(=O)(=O)c1ccc2c(c1)/C(=C/c1[nH]c3c(c1CCC(=O)O)CCCC3)C(=O)N2,4.54,2000,False,98667
CHEMBL102651,C[C@@H](Nc1[nH]cnc2c3ccccc3nc1-2)c1ccccc1,6.38,2001,False,956443
CHEMBL103014,C[C@@H](Nc1ncnc2c1sc1ccccc12)c1ccccc1,6.27,2001,False,966624
CHEMBL103864,C[C@H](Nc1[nH]cnc2c3ccccc3nc1-2)c1ccccc1,7.3,2001,True,978900
CHEMBL105053,C[C@@H](Nc1[nH]cnc2nc(-c3ccccc3)cc1-2)c1ccccc1,8.0,2001,True,970388
CHEMBL134371,O=C(O)/C=C/C(=O)Nc1ccc2ncnc(Nc3cccc(Br)c3)c2c1,9.43,2001,True,138492
CHEMBL135142,O=C(/C=C/C(F)(F)F)Nc1ccc2ncnc(Nc3cccc(Br)c3)c2c1,8.76,2001,True,133544
CHEMBL136058,O=C(/C=C/C(=O)Nc1cc2c(Nc3cccc(Br)c3)ncnc2cn1)NCCCN1CCOCC1,9.09,2001,True,107990
CHEMBL136102,CN(C)CCCNC(=O)/C=C/C(=O)N(C)c1cc2c(Nc3cccc(Br)c3)ncnc2cn1,8.84,2001,True,124595
CHEMBL136178,CC(=O)/C=C/C(=O)Nc1ccc2ncnc(Nc3cccc(Br)c3)c2c1,8.92,2001,True,123352
CHEMBL136404,C/C=C/C(=O)Nc1cc2c(Nc3cccc(Br)c3)ncnc2cn1,9.3,2001,True,115914
CHEMBL136511,C=CS(=O)(=O)Nc1ccc2ncnc(Nc3cccc(Br)c3)c2c1,8.85,2001,True,123355
CHEMBL137082,C=CC(=O)N(CCCN1CCOCC1)c1cc2c(Nc3cccc(Br)c3)ncnc2cn1,8.57,2001,True,118461
CHEMBL138363,C=C(C)C(=O)Nc1cc2c(Nc3cccc(Br)c3)ncnc2cn1,8.8,2001,True,120871
CHEMBL138691,C=CC(=O)N(CCN(C)C)c1cc2c(Nc3cccc(Br)c3)ncnc2cn1,8.38,2001,True,105738
CHEMBL138940,O=C(/C=C/C(=O)Nc1cc2c(Nc3ccc(F)c(Cl)c3)ncnc2cn1)NCCCN1CCOCC1,9.21,2001,True,122059
CHEMBL139044,C=C/C=C/C(=O)Nc1cc2c(Nc3cccc(Br)c3)ncnc2cn1,8.96,2001,True,137102
CHEMBL139095,C=CS(=O)(=O)Nc1cc2c(Nc3cccc(Br)c3)ncnc2cn1,9.12,2001,True,137105
CHEMBL139307,C=CC(=O)N(CCCN1CCOCC1)c1ccc2ncnc(Nc3cccc(Br)c3)c2c1,8.48,2001,True,106877
CHEMBL140561,CN(C)CCCOC(=O)/C=C/C(=O)Nc1ccc2ncnc(Nc3cccc(Br)c3)c2c1,8.62,2001,True,136079
CHEMBL14699,COc1cc2ncnc(Nc3ccc(F)c(Cl)c3)c2cc1OCCN1CCOCC1,8.0,2001,True,569181
CHEMBL166765,Nc1ncnc2c1c(-c1ccc(O)cc1)cn2C1CCC1,6.22,2001,False,412827
CHEMBL166766,Nc1ncnc2c1c(-c1ccccc1)cn2C1CCC1,6.14,2001,False,430518
CHEMBL168266,Nc1ncnc2c1c(-c1ccccc1)cn2C1CC(O)C1,5.55,2001,False,401417
CHEMBL168285,Nc1ncnc2c1c(-c1ccccc1)cn2C1CCC(O)C1,6.1,2001,False,394829
CHEMBL168382,COc1cccc(-c2cn(C3CCCC3)c3ncnc(N)c23)c1,6.34,2001,False,394825
CHEMBL168550,COc1cccc(-c2cn(C3CC(CNCCO)C3)c3ncnc(N)c23)c1,6.31,2001,False,393597
CHEMBL168555,COc1ccc(CC(CO)n2cc(-c3cccc(OC)c3)c3c(N)ncnc32)cc1,5.01,2001,False,394821
CHEMBL168656,COc1cccc(-c2cn(C3CCN(C(=O)OC(C)(C)C)C3)c3ncnc(N)c23)c1,5.68,2001,False,469970
CHEMBL168661,COc1cccc(-c2cn(C3CCN(CCN(C)CCO)CC3)c3ncnc(N)c23)c1,6.53,2001,True,445004
CHEMBL168829,Nc1ncnc2c1c(-c1ccccc1)cn2C1CCNC1,4.87,2001,False,435724
CHEMBL168921,CC(C)(C)OC(=O)N1CCC(n2cc(-c3cccc(O)c3)c3c(N)ncnc32)C1,5.66,2001,False,463211
CHEMBL169064,COc1cccc(-c2cn(C3CCN(CC(N)=O)CC3)c3ncnc(N)c23)c1,6.46,2001,False,462007
CHEMBL169065,COC(=O)CN1CCC(n2cc(-c3cccc(OC)c3)c3c(N)ncnc32)CC1,5.83,2001,False,465873
CHEMBL169200,COc1cccc(-c2cn(C3CCN(CCO)CC3)c3ncnc(N)c23)c1,6.05,2001,False,434419
CHEMBL169390,Nc1ncnc2c1c(-c1cccc(O)c1)cn2C1CCCC1,7.1,2001,True,415280
CHEMBL169467,COc1ccc(CC(CO)n2cc(-c3cccc(O)c3)c3c(N)ncnc32)cc1,5.47,2001,False,401413
CHEMBL169519,COc1cccc(-c2cn(C3CCNC3)c3ncnc(N)c23)c1,5.95,2001,False,455583
CHEMBL169570,Nc1ncnc2c1c(-c1ccc(O)cc1)cn2C1CCCC1,6.6,2001,True,410436
CHEMBL169780,Nc1ncnc2c1c(-c1cccc(O)c1)cn2C1CCN(CCO)CC1,5.59,2001,False,431817
CHEMBL169920,CN(C)C(=O)CN1CCC(n2cc(-c3cccc(O)c3)c3c(N)ncnc32)CC1,6.3,2001,False,438300
CHEMBL170438,Nc1ncnc2c1c(-c1ccccc1)cn2C(CO)Cc1ccc(O)cc1,4.88,2001,False,420076
CHEMBL170724,COc1ccc(-c2cn(C3CCCC3)c3ncnc(N)c23)cc1,6.24,2001,False,392440
CHEMBL171256,COc1ccc(CC(CO)n2cc(-c3ccccc3)c3c(N)ncnc32)cc1,4.84,2001,False,411591
CHEMBL171311,Nc1ncnc2c1c(-c1ccccc1)cn2C(CO)Cc1ccccc1,6.36,2001,False,430514
CHEMBL171545,Nc1ncnc2c1c(-c1cccc(O)c1)cn2C1CCNC1,5.82,2001,False,460725
CHEMBL172514,COCCNCCN1CCC(n2cc(-c3cccc(OC)c3)c3c(N)ncnc32)CC1,6.51,2001,True,454181
CHEMBL1744086,COc1cc2ncnc(Nc3ccc(F)c(Cl)c3)c2cc1OC[C@@H](O)CN1CCOCC1,7.02,2001,True,582599
CHEMBL1788321,COc1cc2ncnc(Nc3ccc(F)c(Cl)c3)c2cc1OC[C@H](O)CN1CCOCC1,7.17,2001,True,565419
CHEMBL2112369,COC[C@@H]1CCCN1C/C=C\C(=O)Nc1ccc2ncnc(Nc3cccc(Br)c3)c2c1,6.71,2001,True,1055970
CHEMBL2112370,COC[C@@H]1CCCN1C/C=C/C(=O)Nc1ccc2ncnc(Nc3cccc(Br)c3)c2c1,6.88,2001,True,1063651
CHEMBL262276,COC(=O)CN1CCC(n2cc(-c3cccc(O)c3)c3c(N)ncnc32)CC1,6.1,2001,False,436946
CHEMBL263528,NC(=O)CN1CCC(n2cc(-c3cccc(O)c3)c3c(N)ncnc32)CC1,6.77,2001,True,458336
CHEMBL274732,COCCN(C)CCN1CCC(n2cc(-c3cccc(OC)c3)c3c(N)ncnc32)CC1,6.03,2001,False,460720
CHEMBL291514,COc1cc2ncnc(Nc3ccc(F)c(Cl)c3)c2cc1OCCCN1CCCCC1,7.1,2001,True,581417
CHEMBL293064,CCN(CC)CCOc1cc2c(Nc3ccc(F)c(Cl)c3)ncnc2cc1OC,7.03,2001,True,576663
CHEMBL293090,CNCCOc1cc2c(Nc3ccc(F)c(Cl)c3)ncnc2cc1OC,8.1,2001,True,573018
CHEMBL294034,COc1cc2ncnc(Nc3ccc(F)c(Cl)c3)c2cc1OCCn1ccnc1,7.18,2001,True,571786
CHEMBL294395,COCCN(CCOC)CCOc1cc2c(Nc3ccc(F)c(Cl)c3)ncnc2cc1OC,7.21,2001,True,558511
CHEMBL299672,COc1cc2ncnc(Nc3ccc(F)c(Cl)c3)c2cc1OCCCN1CCCC1,7.15,2001,True,565415
CHEMBL299893,COc1cc2ncnc(Nc3ccc(F)c(Cl)c3)c2cc1OCC(O)CN(CCO)CCO,8.3,2001,True,588965
CHEMBL300791,COc1cc2ncnc(Nc3ccc(F)c(Cl)c3)c2cc1OCCN1CCN(C)CC1,8.0,2001,True,586420
CHEMBL301018,COc1cc2ncnc(Nc3ccc(F)c(Cl)c3)c2cc1OC,8.05,2001,True,564328
CHEMBL30432,CN(C)c1cc2c(Nc3ccc4c(cnn4Cc4ccccc4)c3)ncnc2cn1,9.0,2001,True,641520
CHEMBL316127,O=C(/C=C/CN1CCOCC1)Nc1ccc2ncnc(Nc3cccc(Br)c3)c2c1,7.13,2001,True,1053385
CHEMBL327838,COCCOCC#CC(=O)Nc1ccc2ncnc(Nc3cccc(Br)c3)c2c1,7.19,2001,True,1032741
CHEMBL328245,CCCN(CC#CC(=O)Nc1ccc2ncnc(Nc3cccc(Br)c3)c2c1)CCC,7.21,2001,True,1053375
CHEMBL328704,CCN(CC)CC#CC(=O)Nc1ccc2ncnc(Nc3cccc(Br)c3)c2c1,7.92,2001,True,1033949
CHEMBL328977,O=C(C#CCN1CCSCC1)Nc1ccc2ncnc(Nc3cccc(Br)c3)c2c1,7.02,2001,True,1059672
CHEMBL329642,C/C=C\C(=O)Nc1ccc2ncnc(Nc3cccc(Br)c3)c2c1,6.57,2001,True,1038647
CHEMBL329856,CN(C)CC#CC(=O)Nc1ccc2ncnc(Nc3cccc(Br)c3)c2c1,8.22,2001,True,1062472
CHEMBL334697,C=CC(=O)N(C)c1cc2c(Nc3cccc(Br)c3)ncnc2cn1,9.77,2001,True,117213
CHEMBL334801,CN(C)CCCNC(=O)/C=C/C(=O)Nc1cc2c(Nc3cccc(Br)c3)ncnc2cn1,8.96,2001,True,131068
CHEMBL335440,O=S(=O)(CCO)c1cc2c(Nc3cccc(Br)c3)ncnc2cn1,7.03,2001,True,127421
CHEMBL336264,C=CS(=O)(=O)c1cc2c(Nc3cccc(Br)c3)ncnc2cn1,9.37,2001,True,124598
CHEMBL342828,O=C(/C=C/C(=O)Nc1cc2c(Nc3cccc(Br)c3)ncnc2cn1)NCCCn1ccnc1,9.25,2001,True,139593
CHEMBL343722,C=C=CC(=O)Nc1ccc2ncnc(Nc3cccc(Br)c3)c2c1,8.8,2001,True,133547
CHEMBL344177,O=C(/C=C/Cl)Nc1cc2c(Nc3cccc(Br)c3)ncnc2cn1,9.16,2001,True,123349
CHEMBL344486,CCOC(=O)/C=C/C(=O)Nc1ccc2ncnc(Nc3cccc(Br)c3)c2c1,8.57,2001,True,122056
CHEMBL345077,C=C[S+]([O-])c1cc2c(Nc3cccc(Br)c3)ncnc2cn1,8.34,2001,True,136084
CHEMBL345109,CN(C)CCCNC(=O)/C=C/C(=O)Nc1ccc2ncnc(Nc3cccc(Br)c3)c2c1,9.36,2001,True,143211
CHEMBL352801,COc1cccc(-c2cn(C3CC(CO)C3)c3ncnc(N)c23)c1,6.38,2001,False,394833
CHEMBL352954,Nc1ncnc2c1c(-c1ccccc1)cn2C1CCCC1,6.3,2001,False,425439
CHEMBL353823,CC(C)(C)OC(=O)N1CCC(n2cc(-c3ccccc3)c3c(N)ncnc32)C1,5.08,2001,False,469967
CHEMBL354033,Nc1ncnc2c1c(-c1ccc(O)cc1)cn2C1CCNC1,5.57,2001,False,454187
CHEMBL354310,COc1cccc(-c2cn(C3CC(C(=O)NCCO)C3)c3ncnc(N)c23)c1,6.48,2001,False,404127
CHEMBL355019,COC(=O)CN1CCC(n2cc(-c3cccc(O)c3)c3c(N)ncnc32)C1,6.13,2001,False,451559
CHEMBL355191,COc1cccc(-c2cn(C3CCC3)c3ncnc(N)c23)c1,6.35,2001,False,426708
CHEMBL355269,COc1cccc(-c2cn(C3CCN(CC(=O)N(C)C)CC3)c3ncnc(N)c23)c1,6.12,2001,False,431823
CHEMBL355322,COc1cccc(-c2cn(C3CCN(CC(N)=O)C3)c3ncnc(N)c23)c1,6.36,2001,False,454191
CHEMBL355330,Nc1ncnc2c1c(-c1cccc(O)c1)cn2C1CCC1,6.52,2001,True,391087
CHEMBL355891,COC(=O)CN1CCC(n2cc(-c3cccc(OC)c3)c3c(N)ncnc32)C1,6.08,2001,False,442379
CHEMBL408683,NC(=O)CN1CCC(n2cc(-c3cccc(O)c3)c3c(N)ncnc32)C1,6.4,2001,False,440871
CHEMBL414220,C=CCN(C)CC#CC(=O)Nc1ccc2ncnc(Nc3cccc(Br)c3)c2c1,7.15,2001,True,1064749
CHEMBL419501,COC[C@H]1CCCN1C/C=C/C(=O)Nc1ccc2ncnc(Nc3cccc(Br)c3)c2c1,7.07,2001,True,1057350
CHEMBL422292,CCOC(=O)/C=C/C(=O)Nc1cc2c(Nc3cccc(Br)c3)ncnc2cn1,8.82,2001,True,111935
CHEMBL434827,CCN(CC)CCCNC(=O)/C=C/C(=O)Nc1cc2c(Nc3cccc(Br)c3)ncnc2cn1,9.14,2001,True,117228
CHEMBL434828,O=C(/C=C/c1ccccc1)Nc1cc2c(Nc3cccc(Br)c3)ncnc2cn1,8.04,2001,True,132358
CHEMBL442754,COCCN(C)C/C=C/C(=O)Nc1ccc2ncnc(Nc3cccc(Br)c3)c2c1,7.21,2001,True,1062477
CHEMBL51659,C=CC(=O)Nc1cc2c(Nc3cccc(Br)c3)ncnc2cn1,9.04,2001,True,133541
CHEMBL545315,C=CC(=O)Nc1cc2c(Nc3ccc(F)c(Cl)c3)ncnc2cc1OCCCN1CCOCC1.Cl.Cl,8.82,2001,True,110479
CHEMBL55425,CCN(CC)CCCOc1cc2c(Nc3ccc(F)c(Cl)c3)ncnc2cc1OC,7.24,2001,True,570522
CHEMBL55794,COc1cc2ncnc(Nc3ccc(F)c(Cl)c3)c2cc1OCCNC(C)C,6.51,2001,True,556042
CHEMBL56027,COc1cc2ncnc(Nc3ccc(F)c(Cl)c3)c2cc1OCCNC(C)(CO)CO,7.16,2001,True,571782
CHEMBL56142,COc1cc2ncnc(Nc3ccc(F)c(Cl)c3)c2cc1OCCN1CCCCC1,7.01,2001,True,573022
CHEMBL56266,CNCC(O)COc1cc2c(Nc3ccc(F)c(Cl)c3)ncnc2cc1OC,8.3,2001,True,586432
CHEMBL56502,COc1cc2ncnc(Nc3ccc(F)c(Cl)c3)c2cc1OCC(O)CN,8.22,2001,True,577891
CHEMBL56505,COc1cc2ncnc(Nc3ccc(F)c(Cl)c3)c2cc1OCCN(CCO)CCO,7.46,2001,True,553697
CHEMBL56802,COc1cc2ncnc(Nc3cccc(C)c3)c2cc1OC,8.3,2001,True,553703
CHEMBL56912,COCCNCCOc1cc2c(Nc3ccc(F)c(Cl)c3)ncnc2cc1OC,8.1,2001,True,570519
CHEMBL56936,COc1cc2ncnc(Nc3ccc(F)c(Cl)c3)c2cc1OCCNCCN(C)C,8.7,2001,True,566667
CHEMBL56983,CCN(CC)CCCCNc1ncc2cc(-c3c(Cl)cccc3Cl)c(NC(=O)Nc3ccccc3)nc2n1,6.0,2001,False,490968
CHEMBL57758,COc1cc2ncnc(Nc3ccc(F)c(Cl)c3)c2cc1OCCN1CCCC1,7.06,2001,True,586428
CHEMBL57759,COc1cc2ncnc(Nc3ccc(F)c(Cl)c3)c2cc1OCCN(C)C,8.15,2001,True,585212
CHEMBL57892,COc1cc2ncnc(Nc3ccc(F)c(Cl)c3)c2cc1OCCNC(C)(C)C,7.0,2001,True,586424
CHEMBL57990,COc1cc2ncnc(Nc3ccc(F)c(Cl)c3)c2cc1OCCCN(C)C,7.31,2001,True,554936
CHEMBL60826,COc1cc2ncnc(Nc3ccc(F)c(Cl)c3)c2cc1OCC(O)Cn1ccnc1,8.1,2001,True,566671
CHEMBL90595,O=C(C#CCN1CCCCC1)Nc1ccc2ncnc(Nc3cccc(Br)c3)c2c1,7.24,2001,True,1057345
CHEMBL91009,COCC#CC(=O)Nc1ccc2ncnc(Nc3cccc(Br)c3)c2c1,8.05,2001,True,1054703
CHEMBL91748,CN(C)/C=C/C(=O)Nc1ccc2ncnc(Nc3cccc(Br)c3)c2c1,6.6,2001,True,1054576
CHEMBL91811,CC(C)N(C)CC#CC(=O)Nc1ccc2ncnc(Nc3cccc(Br)c3)c2c1,7.07,2001,True,1059667
CHEMBL91925,CCN(CC)C/C=C/C(=O)Nc1ccc2ncnc(Nc3cccc(Br)c3)c2c1,7.14,2001,True,1053380
CHEMBL92086,C=C(C)C(=O)Nc1ccc2ncnc(Nc3cccc(Br)c3)c2c1,8.92,2001,True,129764
CHEMBL92356,CCN1CCN(CC#CC(=O)Nc2ccc3ncnc(Nc4cccc(Br)c4)c3c2)CC1,7.19,2001,True,1039974
CHEMBL92731,CCCN(C/C=C/C(=O)Nc1ccc2ncnc(Nc3cccc(Br)c3)c2c1)CCC,7.05,2001,True,1047402
CHEMBL92882,COC/C=C/C(=O)Nc1ccc2ncnc(Nc3cccc(Br)c3)c2c1,5.95,2001,False,1045079
CHEMBL92902,CN1CCC=C(C(=O)Nc2ccc3ncnc(Nc4cccc(Br)c4)c3c2)C1,6.94,2001,True,1031546
CHEMBL92961,CC(C)N(CC#CC(=O)Nc1ccc2ncnc(Nc3cccc(Br)c3)c2c1)C(C)C,7.01,2001,True,1051048
CHEMBL93049,COCOCC#CC(=O)Nc1ccc2ncnc(Nc3cccc(Br)c3)c2c1,7.23,2001,True,1048576
CHEMBL93386,O=C(C#CCN1CCOCC1)Nc1ccc2ncnc(Nc3cccc(Br)c3)c2c1,7.7,2001,True,1046286
CHEMBL93464,C/C=C/C(=O)Nc1ccc2ncnc(Nc3cccc(Br)c3)c2c1,9.26,2001,True,120874
CHEMBL93537,O=C(/C=C/CN1CCSCC1)Nc1ccc2ncnc(Nc3cccc(Br)c3)c2c1,6.69,2001,True,1043531
CHEMBL93754,O=C(/C=C/Cn1cccn1)Nc1ccc2ncnc(Nc3cccc(Br)c3)c2c1,5.95,2001,False,1052275
CHEMBL93783,CN(C/C=C/C(=O)Nc1ccc2ncnc(Nc3cccc(Br)c3)c2c1)CCO,7.85,2001,True,1027809
CHEMBL93784,COCC1CCCN1CC#CC(=O)Nc1ccc2ncnc(Nc3cccc(Br)c3)c2c1,7.19,2001,True,1042298
CHEMBL94062,O=C(C#CCO)Nc1ccc2ncnc(Nc3cccc(Br)c3)c2c1,8.7,2001,True,1039979
CHEMBL94066,C=C(CN1CCOCC1)C(=O)Nc1ccc2ncnc(Nc3cccc(Br)c3)c2c1,6.97,2001,True,1036461
CHEMBL94068,O=C(/C=C/CN1CCCCC1)Nc1ccc2ncnc(Nc3cccc(Br)c3)c2c1,6.97,2001,True,1059677
CHEMBL94109,O=C(/C=C/CN1CCC(N2CCCCC2)CC1)Nc1ccc2ncnc(Nc3cccc(Br)c3)c2c1,7.17,2001,True,1062482
CHEMBL94123,O=C(/C=C/N1CCOCC1)Nc1ccc2ncnc(Nc3cccc(Br)c3)c2c1,6.67,2001,True,1044955
CHEMBL97162,COc1nccc(-c2c(-c3ccc(F)cc3)ncn2[C@H]2CC[C@H](O)CC2)n1,7.08,2001,True,418892
CHEMBL109372,COc1cc2ncc(C#N)c(Nc3ccc(F)c(Cl)c3)c2cc1OC,5.99,2002,False,1123675
CHEMBL1202473,COc1cc2c(Nc3cc(O)c(C)cc3F)ncnc2cc1OCC1CCN(C)CC1.Cl,6.7,2002,True,338671
CHEMBL1202477,COc1cc2c(Nc3ccc(Br)cc3F)ncnc2cc1OCCCN1CCN(C)CC1.Cl,7.05,2002,True,325577
CHEMBL1202478,COc1cc2c(Nc3ccc(Br)cc3F)ncnc2cc1OC/C=C/CN1CCCC1.Cl,7.05,2002,True,342471
CHEMBL125086,CCOc1cc2ncnc(Nc3cccc(-c4ccco4)c3)c2cc1OCC,8.52,2002,True,899092
CHEMBL125920,CCOc1cc2ncnc(Nc3cccc(-c4cc[nH]n4)c3)c2cc1OCC,7.96,2002,True,892035
CHEMBL126192,CCOc1cc2ncnc(Nc3cccc(-c4nccs4)c3)c2cc1OCC,8.7,2002,True,868682
CHEMBL126456,CCOc1cc2ncnc(Nc3cccc(-c4csc(C)n4)c3)c2cc1OCC,5.32,2002,False,879690
CHEMBL126483,CCOc1cc2nc(CC)nc(Nc3cccc(-c4csc(C)n4)c3)c2cc1OCC,5.03,2002,False,870001
CHEMBL126974,CCOc1cc2ncnc(Nc3cccc(-c4cncnc4)c3)c2cc1OCC,5.96,2002,False,900242
CHEMBL126996,CCOc1cc2ncnc(Nc3cccc(-c4cocn4)c3)c2cc1OCC,6.14,2002,False,903968
CHEMBL127223,CCOc1cc2ncnc(Nc3cccc(-c4cscn4)c3)c2cc1OCC,7.75,2002,True,899094
CHEMBL127367,CCOc1cc2ncnc(Nc3cccc(-c4nc[nH]n4)c3)c2cc1OCC,6.41,2002,False,900240
CHEMBL128027,CCOc1cc2nc(C)nc(Nc3cccc(-c4csc(C)n4)c3)c2cc1OCC,5.05,2002,False,901498
CHEMBL132466,COc1cc2cc3ncc(C#N)c(Nc4ccc(F)c(Cl)c4)c3cc2cc1OC,6.17,2002,False,1111719
CHEMBL153843,O=C(Nc1cccc(C(F)(F)F)c1)c1ccccc1NCc1ccncc1,4.98,2002,False,1152815
CHEMBL1744347,COc1cc2c(Nc3ccc(Cl)cc3F)ncnc2cc1OCCCN1CCN(C)CC1.Cl,7.12,2002,True,330836
CHEMBL1744349,COc1cc2c(Nc3ccc(Cl)cc3F)ncnc2cc1OC/C=C/CN1CCCC1.Cl,7.1,2002,True,321873
CHEMBL1907763,COc1cc2c(Nc3ccc(Cl)cc3F)ncnc2cc1OC[C@@H]1CCCN(C)C1,7.0,2002,True,316989
CHEMBL1907764,COc1cc2c(Nc3ccc(Br)cc3F)ncnc2cc1OC[C@@H]1CCCN(C)C1,6.82,2002,True,323345
CHEMBL1907944,COc1cc2c(Nc3ccc(Br)cc3F)ncnc2cc1OC[C@H]1CCCN(C)C1,7.0,2002,True,328373
CHEMBL24026,COc1cc2c(Nc3ccc(C#N)cc3F)ncnc2cc1OC/C=C/CN1CCCC1,6.1,2002,False,309326
CHEMBL24137,COc1cc2c(Nc3ccc(Cl)cc3F)ncnc2cc1OCCCN1CCOCC1,7.0,2002,True,316996
CHEMBL2448064,COc1cc2c(Nc3ccc(Cl)cc3F)ncnc2cc1OCC1CCNCC1.Cl,7.0,2002,True,307861
CHEMBL2448065,COc1cc2c(Nc3ccc(Cl)cc3F)ncnc2cc1OCC1CCN(C)CC1.Cl,7.0,2002,True,321890
CHEMBL2448066,COc1cc2c(Nc3cc(O)c(Cl)cc3F)ncnc2cc1OCC1CCN(C)CC1.Cl,7.16,2002,True,340165
CHEMBL2448067,COc1cc2c(Nc3ccc(Cl)cc3F)ncnc2cc1OCCCN1CCCC1.Cl,7.0,2002,True,324436
CHEMBL24828,COc1cc2/c(=N/c3ccc(Br)cc3F)nc[nH]c2cc1OCC1CCN(C)CC1,7.8,2002,True,1175323
CHEMBL24979,COc1cc2c(Nc3ccc(Br)cc3F)ncnc2cc1OCCC1CCN(C)CC1,6.82,2002,True,321881
CHEMBL25425,COc1cc2c(Nc3ccc(Cl)cc3F)ncnc2cc1OCCC1CCN(C)CC1,6.7,2002,True,338678
CHEMBL25450,COc1cc2c(Nc3c(F)cc(Cl)cc3F)ncnc2cc1OCC1CCNCC1,6.3,2002,False,316982
CHEMBL25579,COc1cc2c(Nc3ccc(Cl)cc3F)ncnc2cc1OCCN(C)c1ccncc1,6.7,2002,True,309319
CHEMBL25610,COc1cc2c(Nc3ccc(Cl)cc3F)ncnc2cc1OCCN1CCOCC1,6.52,2002,True,332173
CHEMBL264382,Cc1cc(C(=O)NCCN2CCOCC2)[nH]c1/C=C1\C(=O)Nc2ncnc(Nc3ccc4c(ccn4Cc4ccccc4)c3)c21,8.96,2002,True,68470
CHEMBL26641,COc1cc2c(Nc3ccc(Br)cc3F)ncnc2cc1OCCC1CCNCC1,7.1,2002,True,334919
CHEMBL27085,Cc1nc(O)c2c(ccc3[nH]c(Nc4c(Cl)cccc4Cl)nc32)c1C,4.0,2002,False,1227781
CHEMBL279459,COc1cc2c(Nc3c(F)cc(Br)cc3F)ncnc2cc1OCC1CCNCC1,6.4,2002,False,337414
CHEMBL281872,COc1cc2c(Nc3ccc(Br)cc3F)ncnc2cc1OCCn1ccnn1,7.3,2002,True,316942
CHEMBL281990,COc1cc2c(Nc3ccc(C)cc3F)ncnc2cc1OCC1CCN(C)CC1,6.4,2002,False,316970
CHEMBL283088,COc1cc2c(Nc3ccc(Cl)cc3F)ncnc2cc1OCCN1CCN(C)CC1,6.7,2002,True,324429
CHEMBL286160,COCCOc1cc2ncnc(Nc3ccc(Cl)cc3F)c2cc1OC,7.0,2002,True,340148
CHEMBL302552,O=C1Nc2ncnc(Nc3ccc(F)c(Cl)c3)c2/C1=C/c1ccc(C(=O)NCCN2CCOCC2)[nH]1,7.66,2002,True,46694
CHEMBL304271,CCN(CC)CC(O)CNC(=O)c1cc(C)c(/C=C2\C(=O)Nc3ncnc(Nc4ccc(F)c(Cl)c4)c32)[nH]1,9.35,2002,True,34669
CHEMBL304971,Cc1c(C(=O)N2CCN(C)CC2)c[nH]c1/C=C1\C(=O)Nc2ncnc(Nc3ccc(F)c(Cl)c3)c21,6.39,2002,False,66030
CHEMBL305194,Cc1cc(C(=O)O)[nH]c1/C=C1\C(=O)Nc2ncnc(Nc3ccc(F)c(Cl)c3)c21,7.54,2002,True,54402
CHEMBL305246,Cc1cc(C(=O)N2CCN(C)CC2)[nH]c1/C=C1\C(=O)Nc2ncnc(Nc3ccc(F)c(Cl)c3)c21,8.55,2002,True,62047
CHEMBL305782,Cc1[nH]c(/C=C2\C(=O)Nc3ncnc(Nc4ccc(F)c(Cl)c4)c32)c(C)c1CCC(=O)O,6.75,2002,True,69854
CHEMBL308645,Cc1cc(CCC(=O)O)[nH]c1/C=C1\C(=O)Nc2ncnc(Nc3ccc(F)c(Cl)c3)c21,8.33,2002,True,58119
CHEMBL308672,CCN(CC)CCNC(=O)c1cc(C)c(/C=C2\C(=O)Nc3ncnc(Nc4ccc(Cl)cc4F)c32)[nH]1,6.35,2002,False,69857
CHEMBL322395,COc1cc(Nc2c(C#N)cnc3cc(-c4ccc(CN5CCOCC5)cc4)ccc23)c(Cl)cc1Cl,5.52,2002,False,81208
CHEMBL340660,CCOc1cc2ncnc(Nc3cccc(-c4csc(N)n4)c3)c2cc1OCC,6.25,2002,False,872518
CHEMBL340862,CCOc1cc2ncnc(Nc3cccc(-c4cncs4)c3)c2cc1OCC,7.96,2002,True,888400
CHEMBL416191,COc1cc2c(Nc3c(F)cc(Br)cc3F)ncnc2cc1OCC1CCN(C)CC1,6.52,2002,True,326805
CHEMBL418203,CN1CCC(c2c(O)cc(O)c3c(=O)cc(-c4ccccc4Cl)oc23)[C@@H](O)C1,5.34,2002,False,516673
CHEMBL422758,COc1cc2c(Nc3c(F)cc(Cl)cc3F)ncnc2cc1OCC1CCN(C)CC1,6.52,2002,True,316977
CHEMBL428534,COc1cc2c(Nc3ccc(C)cc3F)ncnc2cc1OCC1CCNCC1,6.35,2002,False,314574
CHEMBL428690,CN1CC[C@H](c2c(O)cc(O)c3c(=O)cc(-c4ccccc4Cl)oc23)[C@H](O)C1,5.12,2002,False,182065
CHEMBL432903,CCN(CC)CCNC(=O)c1c(C)[nH]c(/C=C2\C(=O)Nc3ncnc(Nc4ccc(F)c(Cl)c4)c32)c1C,6.7,2002,True,49320
CHEMBL443268,Cc1cc(C(=O)NCCN2CCOCC2)[nH]c1/C=C1\C(=O)N(C)c2ncnc(Nc3ccc(F)c(Cl)c3)c21,5.28,2002,False,33406
CHEMBL48614,CN1CCC(c2c(O)cc(O)c3c2O/C(=C\c2ccccc2Cl)C3=O)CC1,5.78,2002,False,515465
CHEMBL533849,COc1cc2c(Nc3ccc(Br)cc3F)ncnc2cc1OCC1CCN(C)CC1.Cl,6.77,2002,True,328344
CHEMBL65250,C#Cc1cc(Nc2ncnc3cc(OC)c(OC)cc23)ccc1F,8.4,2002,True,893121
CHEMBL65848,Cc1cc(C(=O)N2CCOCC2)[nH]c1/C=C1\C(=O)Nc2ncnc(Nc3ccc4c(c3)CCC4)c21,5.85,2002,False,49326
CHEMBL66570,CCN1CCN(C(=O)c2cc(C)c(/C=C3\C(=O)Nc4ncnc(Nc5ccc(F)c(Cl)c5)c43)[nH]2)CC1,7.89,2002,True,53212
CHEMBL67003,Cc1cc(C(=O)N2CCOCC2)[nH]c1/C=C1\C(=O)Nc2ncnc(Nc3ccc4c(cnn4Cc4ccccc4)c3)c21,8.74,2002,True,58122
CHEMBL67057,Cc1cc(C(=O)N2CCOCC2)[nH]c1/C=C1\C(=O)Nc2ncnc(Nc3ccc4c(ccn4Cc4ccccc4)c3)c21,8.35,2002,True,47933
CHEMBL68920,Cc1cc(C)c(/C=C2\C(=O)Nc3ncnc(Nc4ccc(F)c(Cl)c4)c32)[nH]1,7.39,2002,True,32260
CHEMBL69071,Cc1cc(C(=O)N2CC(C)NC(C)C2)[nH]c1/C=C1\C(=O)Nc2ncnc(Nc3ccc(F)c(Cl)c3)c21,8.23,2002,True,66033
CHEMBL69358,CCN(CC)CCNC(=O)c1cc(C)c(/C=C2\C(=O)Nc3ncnc(Nc4ccc(F)c(Cl)c4)c32)[nH]1,8.92,2002,True,63367
CHEMBL69629,Cc1cc(C(=O)NCCN2CCOCC2)[nH]c1/C=C1\C(=O)Nc2ncnc(Nc3ccc(F)c(Cl)c3)c21,8.19,2002,True,50668
CHEMBL69960,Cc1cc(C(=O)N2CCOCC2)[nH]c1/C=C1\C(=O)Nc2ncnc(Nc3ccc(F)c(Cl)c3)c21,7.4,2002,True,32270
CHEMBL69964,Cc1cc(/C=C2\C(=O)Nc3ncnc(Nc4ccc(F)c(Cl)c4)c32)[nH]c1C(=O)N1CCN(C)CC1,6.68,2002,True,49323
CHEMBL69966,C#Cc1cccc(Nc2ncnc3c2/C(=C/c2[nH]c(C(=O)NCCN4CCOCC4)cc2C)C(=O)N3)c1,7.75,2002,True,62054
CHEMBL95320,C#Cc1cccc(Nc2c(C#N)cnc3cc(OCCOC)c(OCCOC)cc23)c1,6.07,2002,False,108868
CHEMBL95774,C=CC(=O)Nc1cc2c(Nc3ccc(F)c(Cl)c3)c(C#N)cnc2cc1OCCCN1CCOCC1,7.1,2002,True,125565
CHEMBL99024,COc1cc2ncc(C#N)c(Nc3ccc(F)c(Cl)c3)c2cc1OCCCN1CCOCC1,5.98,2002,False,132037
CHEMBL101683,O=C(Nc1ccc(Cl)cc1)c1ccccc1NCc1ccncc1,5.14,2003,False,1068012
CHEMBL104466,COc1cc2ncc(N[C@H]3CC[C@H](O)CC3)nc2cc1OC,5.43,2003,False,1257897
CHEMBL111038,COc1cc2ncc(C#N)c(Nc3cccc(Br)c3)c2cc1OC,6.72,2003,True,361550
CHEMBL113900,CC(C)N(CC#CC(=O)Nc1ccc2ncc(C#N)c(Nc3cccc(Br)c3)c2c1)C(C)C,6.6,2003,True,385794
CHEMBL113901,COc1cc2ncc(C#N)c(Nc3ccc(F)c(Cl)c3)c2cc1NC(=O)/C=C/C(C)N(C)C,5.28,2003,False,368906
CHEMBL113902,C/C=C/C(=O)Nc1cc2c(Nc3ccc(F)c(Cl)c3)c(C#N)cnc2cc1OCC,5.12,2003,False,383115
CHEMBL113985,COc1cc(NC(=O)/C=C/CN2CCOCC2)cc2c(Nc3cccc(Br)c3)c(C#N)cnc12,5.27,2003,False,362980
CHEMBL113996,COc1cc2ncc(C#N)c(Nc3ccc(F)c(Cl)c3)c2cc1NC(=O)/C=C/CN1CCOCC1,4.87,2003,False,346388
CHEMBL114073,COc1cc2ncc(C#N)c(Nc3ccc(F)c(Cl)c3)c2cc1NC(=O)/C=C/C(C)N1CCOCC1,4.97,2003,False,377315
CHEMBL114392,C=C(CN1CCOCC1)C(=O)Nc1ccc2ncc(C#N)c(Nc3ccc(F)c(Cl)c3)c2c1,5.57,2003,False,383120
CHEMBL114490,COc1cc2ncc(C#N)c(Nc3ccc(F)c(Cl)c3)c2cc1NC(=O)/C=C/CN(C)C,5.63,2003,False,383110
CHEMBL114593,COCC#CC(=O)Nc1ccc2ncc(C#N)c(Nc3cccc(Br)c3)c2c1,6.02,2003,False,351746
CHEMBL114728,CCOc1cc2ncc(C#N)c(Nc3cccc(Br)c3)c2cc1NC(=O)/C=C/CN(C)C,5.8,2003,False,375991
CHEMBL115187,CCCN(CC#CC(=O)Nc1ccc2ncc(C#N)c(Nc3cccc(Br)c3)c2c1)CCC,6.89,2003,True,366137
CHEMBL115440,COCCOCC#CC(=O)Nc1ccc2ncc(C#N)c(Nc3cccc(Br)c3)c2c1,6.03,2003,False,357623
CHEMBL116012,CCOc1cc2ncc(C#N)c(Nc3cccc(Br)c3)c2cc1NC(=O)/C=C/CN1CCOCC1,4.99,2003,False,360394
CHEMBL1161234,COc1cc(/C=C(\C#N)C(N)=O)cc(SCCCC(=O)O)c1O,4.32,2003,False,315722
CHEMBL1161236,COc1cc(C=C(C#N)C#N)cc(SCC(=O)O)c1O,4.27,2003,False,321861
CHEMBL116525,CC#CC(=O)Nc1cc2c(Nc3cccc(Br)c3)c(C#N)cnc2cc1OC,6.04,2003,False,380164
CHEMBL116595,COc1cc(/C=C(\C#N)C(N)=O)cc(CSc2ccccc2)c1O,6.4,2003,False,310537
CHEMBL116853,COc1cc2ncc(C#N)c(Nc3cccc(Br)c3)c2cc1NC(=O)C#CCN(C)C,7.05,2003,True,375986
CHEMBL116857,COc1cc(NC(=O)/C=C/CN(C)C)cc2c(Nc3cccc(Br)c3)c(C#N)cnc12,5.54,2003,False,353187
CHEMBL117326,C=C(CN(C)C)C(=O)Nc1cc2c(Nc3ccc(F)c(Cl)c3)c(C#N)cnc2cc1OCC,6.25,2003,False,354794
CHEMBL118000,N#Cc1cnc2ccc(NC(=O)/C=C/CN3CCOCC3)cc2c1Nc1ccc(F)c(Cl)c1,5.64,2003,False,385799
CHEMBL118205,COc1cc(/C=C(\C#N)C(N)=O)cc(CSc2nc3ccccc3o2)c1O,5.28,2003,False,306539
CHEMBL118321,COc1cc(C=C(C#N)C#N)cc(CSc2ccccc2C(=O)O)c1O,5.1,2003,False,324409
CHEMBL119156,COc1cc(/C=C(\C#N)C(N)=O)cc(CSc2ccccn2)c1O,5.47,2003,False,330795
CHEMBL119987,COc1cc(/C=C(\C#N)C(N)=O)cc(CSc2ccccc2C(=O)O)c1O,6.15,2003,False,330797
CHEMBL120564,COc1cc(C=C(C#N)C#N)cc(C)c1O,4.06,2003,False,342461
CHEMBL131577,Cc1cccc(Cl)c1NC(=O)c1cnc(NC(=O)C2CC2)s1,5.0,2003,False,512206
CHEMBL133023,Cc1cccc(Nc2ncnc3ccc(/N=N/N(C)C)cc23)c1,7.62,2003,True,70342
CHEMBL133024,C/N=N/Nc1ccc2ncnc(Nc3cccc(Cl)c3)c2c1,7.0,2003,True,44690
CHEMBL134312,CN(C)/N=N/c1ccc2ncnc(Nc3cccc(Br)c3)c2c1,7.96,2003,True,61241
CHEMBL135592,C/N=N/Nc1ccc2ncnc(N(C)c3ccccc3)c2c1,5.1,2003,False,37510
CHEMBL13629,CCN(CC)CCNC(=O)c1c(C)[nH]c(/C=C2\C(=O)Nc3ccc(Br)cc32)c1C,5.0,2003,False,726661
CHEMBL136491,CN(C)/N=N/c1ccc2ncnc(Nc3cccc(Cl)c3)c2c1,7.85,2003,True,42300
CHEMBL136492,CN(c1ccccc1)c1ncnc2ccc(N)cc12,5.08,2003,False,51141
CHEMBL136674,COCC/N=N/Nc1ccc2ncnc(Nc3cccc(Br)c3)c2c1,7.15,2003,True,71575
CHEMBL137027,CN(C)/N=N/c1ccc2ncnc(NCc3ccccc3)c2c1,6.32,2003,False,63857
CHEMBL137189,C/N=N/Nc1ccc2ncnc(Nc3cccc(C)c3)c2c1,6.7,2003,True,63847
CHEMBL137364,Brc1cccc(Nc2ncnc3ccc(N/N=N/CCN4CCOCC4)cc23)c1,7.19,2003,True,45872
CHEMBL137534,CN(C)CC/N=N/Nc1ccc2ncnc(Nc3cccc(Br)c3)c2c1,7.42,2003,True,66490
CHEMBL137617,C/N=N/Nc1ccc2ncnc(Nc3cccc(Br)c3)c2c1,7.41,2003,True,63852
CHEMBL137635,CN(c1ccccc1)c1ncnc2ccc(N/N=N/Cc3ccccn3)cc12,5.03,2003,False,32680
CHEMBL137788,C/N=N/Nc1ccc2ncnc(NCc3ccccc3)c2c1,6.47,2003,False,66495
CHEMBL138125,Brc1cccc(Nc2ncnc3ccc(N/N=N/Cc4ccccn4)cc23)c1,6.62,2003,True,45867
CHEMBL141175,COc1cc(/C=C(/C#N)C(N)=O)cc(CSCc2ccc(Cl)cc2)c1O,4.8,2003,False,343640
CHEMBL141238,Cc1cc(C)c(NC(=O)/C(C#N)=C/c2ccc(O)c(O)c2)c(C)c1,4.72,2003,False,333587
CHEMBL143212,COc1cc(/C=C(\C#N)C(N)=O)cc(CSc2cccc3ccccc23)c1O,5.77,2003,False,313235
CHEMBL143805,N#C/C(=C\c1ccc(O)c(O)c1)C(=O)NCc1ccc(O)cc1,5.52,2003,False,321863
CHEMBL155761,CS(=O)(=O)CCNc1nc(-c2ccc3ncnc(Nc4ccc(OCc5cccc(F)c5)c(Cl)c4)c3c2)cs1,8.0,2003,True,283629
CHEMBL157084,CS(=O)(=O)CCNc1nc(-c2ccc3ncnc(Nc4ccc(F)c(Cl)c4)c3c2)cs1,7.46,2003,True,284919
CHEMBL157128,COCC1CCCN1CC#CC(=O)Nc1ccc2ncc(C#N)c(Nc3cccc(Br)c3)c2c1,6.82,2003,True,375981
CHEMBL160303,CS(=O)(=O)CCNc1nc(-c2ccc3ncnc(Nc4ccc5c(cnn5Cc5ccccc5)c4)c3c2)cs1,7.15,2003,True,275243
CHEMBL160846,CS(=O)(=O)CCNc1nc(-c2ccc3ncnc(Nc4ccc(OCc5ccccc5)c(Cl)c4)c3c2)cs1,8.1,2003,True,272862
CHEMBL263788,COc1cc2ncc(C#N)c(Nc3cccc(Br)c3)c2cc1NC(=O)/C=C/CN(C)C,6.1,2003,False,389022
CHEMBL269620,CS(=O)(=O)CCNc1nc(-c2ccc3ncnc(Nc4ccc(OCc5cccc(C(F)(F)F)c5)cc4)c3c2)cs1,6.27,2003,False,276643
CHEMBL293749,N#C/C(=C\c1ccc(O)c(O)c1)C(=O)NCCc1ccccc1,6.21,2003,False,313233
CHEMBL323630,CN(C)C/C=C/C(=O)Nc1ccc2ncc(C#N)c(Nc3ccc(F)c(Cl)c3)c2c1,6.19,2003,False,380169
CHEMBL324030,COc1cc(/C=C(\C#N)C(N)=O)cc(CSC2=NCCS2)c1O,5.06,2003,False,310539
CHEMBL324718,C=CC(=O)Nc1cc2c(Nc3cccc(Br)c3)c(C#N)cnc2cc1OC,6.09,2003,False,381559
CHEMBL325156,CCN(CC)C(C)/C=C/C(=O)Nc1cc2c(Nc3ccc(F)c(Cl)c3)c(C#N)cnc2cc1OC,5.32,2003,False,347659
CHEMBL326100,COc1cc(/C=C(\C#N)C(N)=O)cc(CSCc2ccccc2Cl)c1O,6.0,2003,False,311907
CHEMBL326280,COCC#CC(=O)Nc1cc2c(Nc3cccc(Br)c3)c(C#N)cnc2cc1OC,6.1,2003,False,354789
CHEMBL326318,COc1cc(/C=C(\C#N)C(N)=O)cc(CSCc2ccccc2)c1O,6.05,2003,False,315720
CHEMBL326811,C/C=C/C(=O)Nc1ccc2ncc(C#N)c(Nc3cccc(Br)c3)c2c1,5.79,2003,False,375996
CHEMBL327023,N#Cc1cnc2ccc(NC(=O)C#CCN3CCSCC3)cc2c1Nc1cccc(Br)c1,6.26,2003,False,364684
CHEMBL327725,CC(O)C(/N=C1/C=C(O)/C(=N\C(C(=O)O)C(C)O)C=C1O)C(=O)O,4.36,2003,False,685998
CHEMBL331026,COc1cc(/C=C(\C#N)C(N)=O)cc(CSc2nc3ccccc3[nH]2)c1O,4.84,2003,False,325567
CHEMBL332096,Nc1ccc2ncnc(NCc3ccccc3)c2c1,6.29,2003,False,48459
CHEMBL332497,COc1cc2ncc(C#N)c(Nc3cccc(Br)c3)c2cc1NC(=O)/C=C/CN1CCOCC1,5.42,2003,False,368896
CHEMBL333454,COc1cc(/C=C(\C#N)C(N)=O)cc(CSc2ccc(C)cc2)c1O,5.76,2003,False,306533
CHEMBL336113,Cc1cccc(Nc2ncnc3ccc(N)cc23)c1,6.0,2003,False,44685
CHEMBL343352,Nc1ccc2ncnc(Nc3cccc(Cl)c3)c2c1,6.7,2003,True,56107
CHEMBL344652,CN(C)/N=N/c1ccc2ncnc(N(C)c3ccccc3)c2c1,4.88,2003,False,44695
CHEMBL388978,CN[C@@H]1C[C@H]2O[C@@](C)([C@@H]1OC)n1c3ccccc3c3c4c(c5c6ccccc6n2c5c31)C(=O)NC4,7.31,2003,True,765669
CHEMBL414631,COCOC#CC(=O)Nc1ccc2ncc(C#N)c(Nc3cccc(Br)c3)c2c1,6.48,2003,False,390356
CHEMBL421047,CN(C)C/C=C/C(=O)Nc1cc2c(Nc3ccc(F)c(Cl)c3)c(C#N)cnc2cc1OC(F)(F)F,5.58,2003,False,368901
CHEMBL422347,CS(=O)(=O)CCNc1nc(-c2ccc3ncnc(Nc4ccc(OCc5ccccc5)cc4)c3c2)cs1,7.09,2003,True,274082
CHEMBL424093,Brc1cccc(Nc2ncnc3ccc(N/N=N/Cc4ccccc4)cc23)c1,7.6,2003,True,67606
CHEMBL424252,CCN(CC)C/C=C/C(=O)Nc1cc2c(Nc3ccc(F)c(Cl)c3)c(C#N)cnc2cc1OC,5.72,2003,False,381554
CHEMBL432428,N#C/C(=C\c1cc(O)c(O)c(CSCc2ccccc2)c1)C(N)=O,6.19,2003,False,343638
CHEMBL117324,COC[C@@H]1CCCN1CC#CC(=O)Nc1ccc2ncc(C#N)c(Nc3cccc(Br)c3)c2c1,6.82,2004,True,1035845
CHEMBL120185,CN1CCN(c2ccc3c(n2)nc(-c2ccc(F)cc2)n3-c2ccnc(NC3CCCC3)n2)CC1,5.06,2004,False,1199255
CHEMBL121405,OC1(c2nc(-c3ccc(F)cc3)c(-c3ccnc(NC4CCCCC4)c3)o2)CCNCC1,5.96,2004,False,1200657
CHEMBL14627,O=C(NCCCCOc1ccc2ncnc(Nc3ccc(OCc4ccccc4)cc3)c2c1)C(F)(F)F,7.13,2004,True,191495
CHEMBL14874,CN(CCCOc1ccc2ncnc(Nc3ccc(OCc4ccccc4)cc3)c2c1)CCS(C)(=O)=O,6.08,2004,False,216291
CHEMBL14932,Oc1ccc2ncnc(Nc3ccc(OCc4ccccc4)cc3)c2c1,7.01,2004,True,183887
CHEMBL14952,CS(=O)(=O)CCNCCCOc1ccc2ncnc(Nc3ccc(OCc4ccccc4)cc3)c2c1,6.98,2004,True,200875
CHEMBL15202,COc1ccc2ncnc(Nc3ccc(OCc4ccccc4)cc3)c2c1,7.17,2004,True,189084
CHEMBL15346,CS(=O)(=O)CCNCCCCOc1ccc2ncnc(Nc3ccc(OCc4ccccc4)cc3)c2c1,7.13,2004,True,189082
CHEMBL182397,COc1cc2ncnc(Nc3cccc(NC(=O)c4ccccc4)c3F)c2cc1OC,5.55,2004,False,1453214
CHEMBL184311,Cc1ccc2c(Nc3ccc(F)c(Cl)c3)ncnn12,5.49,2004,False,1462340
CHEMBL184682,COc1cc2ncnc(Nc3ccc(Cl)c(NC(=O)c4cccc(N(C)C)c4)c3)c2cc1OC,6.0,2004,False,1453626
CHEMBL184750,Cc1cc2c(Nc3ccc(C)c(O)c3)ncnn2c1,6.19,2004,False,1462476
CHEMBL185327,COc1cc2ncnc(Nc3cc(NC(=O)c4ccccc4)ccc3Cl)c2cc1OC,4.96,2004,False,1453202
CHEMBL185637,Fc1ccc(Nc2ncnn3cccc23)cc1Cl,6.96,2004,True,1462325
CHEMBL185853,Cc1ccc(Nc2ncnn3cccc23)cc1O,6.29,2004,False,1462345
CHEMBL186001,Cc1ccc(Nc2ncnn3cc(C)c(C)c23)cc1O,6.7,2004,True,1462486
CHEMBL186080,Cc1cc2c(Nc3ccc(F)c(Cl)c3)ncnn2c1,6.82,2004,True,1462335
CHEMBL186580,COc1cc2ncnc(Nc3cc(NC(=O)c4ccccc4)c(F)cc3F)c2cc1OC,6.31,2004,False,1453199
CHEMBL186747,COc1cc2ncnc(Nc3ccc(C)c(NC(=O)c4ccccc4)c3)c2cc1OC,5.5,2004,False,1453211
CHEMBL186802,COc1cc2ncnc(Nc3cccc(NC(=O)c4ccccc4)c3)c2cc1OC,5.25,2004,False,1453093
CHEMBL187007,COc1cc2ncnc(Nc3cc(NC(=O)c4cccc(N(C)C)c4)ccc3Cl)c2cc1OC,4.54,2004,False,1453223
CHEMBL187431,Cc1ccc(Nc2ncnn3c(C)ccc23)cc1O,4.53,2004,False,1462481
CHEMBL188304,Cc1ccn2ncnc(Nc3ccc(F)c(Cl)c3)c12,7.0,2004,True,1462330
CHEMBL188522,Cc1ccc(Nc2ncnn3ccc(C)c23)cc1O,6.47,2004,False,1462471
CHEMBL2111784,C[C@H](Nc1cc(-c2sc(C3CCN(C)CC3)nc2-c2ccc(F)cc2)ccn1)c1ccccc1,6.16,2004,False,1191699
CHEMBL273789,CS(=O)(=O)CCN(CCCCOc1ccc2ncnc(Nc3ccc(OCc4ccccc4)cc3)c2c1)C(=O)C(F)(F)F,6.58,2004,True,203323
CHEMBL281300,C=CC(=O)Nc1ccc2ncc(C#N)c(Nc3cccc(Br)c3)c2c1,8.01,2004,True,570012
CHEMBL281467,C=CC(=O)Nc1cnc2ncc(C#N)c(Nc3cccc(Br)c3)c2c1,6.43,2004,False,565025
CHEMBL283682,CC#CC(=O)Nc1ccc2ncc(C#N)c(Nc3cccc(Br)c3)c2c1,6.59,2004,True,572505
CHEMBL287022,CC#CC(=O)Nc1cnc2ncc(C#N)c(Nc3ccc(F)c(Cl)c3)c2c1,5.42,2004,False,574894
CHEMBL306732,CN(C)c1ccc(Nc2ncnc3cc(-c4ccccc4)sc23)cc1,7.03,2004,True,704942
CHEMBL308498,CC(C)(CO)NCc1ccc(-c2cc3ncnc(Nc4ccc5[nH]ccc5c4)c3s2)cc1,9.0,2004,True,685057
CHEMBL30973,CN(C)C/C=C/C(=O)Nc1ccc2ncc(C#N)c(Nc3cccc(Br)c3)c2c1,7.43,2004,True,572507
CHEMBL310740,OCCNCc1ccc(-c2cc3nccc(Nc4ccc5[nH]ccc5c4)c3s2)cc1,8.7,2004,True,683569
CHEMBL310827,Cc1c[nH]c2ccc(Nc3ncnc4cc(-c5ccccc5)sc34)cc12,8.3,2004,True,701050
CHEMBL310853,c1csc(-c2cc3nccc(Nc4ccc5[nH]ccc5c4)c3s2)c1,9.0,2004,True,698443
CHEMBL311109,NC(=O)C1CCN(Cc2ccc(-c3cc4ncnc(Nc5ccc6[nH]ccc6c5)c4s3)cc2)CC1,8.15,2004,True,694029
CHEMBL311111,Cc1cc2cc(Nc3ccnc4cc(-c5ccc(CN6CCOCC6)cc5)sc34)ccc2[nH]1,5.9,2004,False,674229
CHEMBL312482,c1cc(Nc2ccc3[nH]ccc3c2)c2sc(-c3ccc(CN4CCOCC4)cc3)cc2n1,7.52,2004,True,695402
CHEMBL312753,OCc1ccc(-c2cc3ncnc(Nc4ccc5[nH]ccc5c4)c3s2)cc1,9.0,2004,True,678269
CHEMBL31276,CN(C)C/C=C/C(=O)Nc1cc2c(Nc3cccc(Br)c3)c(C#N)cnc2cn1,8.72,2004,True,571312
CHEMBL312818,c1ccc(CCCN(c2cc3ncnc(Nc4ccc5[nH]ccc5c4)c3s2)n2ccnc2)cc1,9.0,2004,True,680623
CHEMBL31745,CC#CC(=O)Nc1cnc2ncc(C#N)c(Nc3cccc(Br)c3)c2c1,5.2,2004,False,572503
CHEMBL31876,CC#CC(=O)Nc1ccc2ncc(C#N)c(Nc3ccc(F)c(Cl)c3)c2c1,6.48,2004,False,567342
CHEMBL360209,COc1cc2ncnc(Nc3ccc(Cl)c(NC(=O)c4ccccc4)c3)c2cc1OC,5.66,2004,False,1453217
CHEMBL418909,CC(=O)NCCNCc1ccc(-c2cc3nccc(Nc4ccc5[nH]ccc5c4)c3s2)cc1,8.7,2004,True,704944
CHEMBL419409,COc1ccc(C#CC(C)(C)N)cc1C(=O)c1ccc(Nc2ccc(F)cc2F)cc1,5.36,2004,False,1197972
CHEMBL421326,OCCOCCNCc1ccc(-c2cc3nccc(Nc4ccc5[nH]ccc5c4)c3s2)cc1,8.4,2004,True,689127
CHEMBL431977,NC(=O)C1CCN(Cc2ccc(-c3cc4nccc(Nc5ccc6[nH]ccc6c5)c4s3)cc2)CC1,9.0,2004,True,696924
CHEMBL441279,COCOCC#CC(=O)Nc1ccc2ncc(C#N)c(Nc3cccc(Br)c3)c2c1,6.48,2004,False,1052747
CHEMBL441518,CN(C)C/C=C/C(=O)Nc1cnc2ncc(C#N)c(Nc3cccc(Br)c3)c2c1,5.69,2004,False,582197
CHEMBL442749,c1nc(Nc2ccc3[nH]ccc3c2)c2sccc2n1,6.22,2004,False,708836
CHEMBL460731,CS(=O)(=O)CCNCCCCOc1ccc2ncnc(Nc3ccc(F)c(Cl)c3)c2c1,7.7,2004,True,198300
CHEMBL460732,CS(=O)(=O)CCNCCCCOc1ccc2ncnc(Nc3ccc(S(=O)(=O)c4ccccc4)cc3)c2c1,7.03,2004,True,203329
CHEMBL493428,CS(=O)(=O)CCNCCCCOc1ccc2ncnc(Nc3ccc4c(cnn4Cc4cccc(F)c4)c3)c2c1,7.62,2004,True,210448
CHEMBL514436,CS(=O)(=O)CCNCCCCOc1ccc2ncnc(Nc3ccc(OCc4cccc(F)c4)c(Cl)c3)c2c1,7.57,2004,True,199646
CHEMBL517907,C#Cc1cccc(Nc2ncnc3ccc(OCCCCNCCS(C)(=O)=O)cc23)c1,7.96,2004,True,203325
CHEMBL540701,C=CCOc1ccc2ncnc(Nc3ccc(OCc4ccccc4)cc3)c2c1,7.1,2004,True,204578
CHEMBL554,CS(=O)(=O)CCNCc1ccc(-c2ccc3ncnc(Nc4ccc(OCc5cccc(F)c5)c(Cl)c4)c3c2)o1,8.0,2004,True,190221
CHEMBL76432,c1ccc(-c2cc3ncnc(Nc4ccc5[nH]ccc5c4)c3s2)cc1,8.52,2004,True,704940
CHEMBL76751,c1csc(-c2cc3ncnc(Nc4ccc5[nH]ccc5c4)c3s2)c1,9.0,2004,True,694027
CHEMBL77342,Cc1cc2cc(Nc3ccnc4cc(-c5ccc(CNCCOCCO)cc5)sc34)ccc2[nH]1,6.18,2004,False,701055
CHEMBL77452,OCCCNCc1ccc(-c2cc3nccc(Nc4ccc5[nH]ccc5c4)c3s2)cc1,8.05,2004,True,706264
CHEMBL77782,CN(C)CCc1ccc(-c2cc3ncnc(Nc4ccc5[nH]ccc5c4)c3s2)cc1,8.3,2004,True,703660
CHEMBL78018,NCc1ccc(-c2cc3ncnc(Nc4ccc5[nH]ccc5c4)c3s2)cc1,8.4,2004,True,685060
CHEMBL78685,c1ccc(-c2cc3ncnc(Nc4ccc5[nH]ncc5c4)c3s2)cc1,5.8,2004,False,706262
CHEMBL78700,Cc1cc2cc(Nc3ccnc4cc(-c5ccc(CNCCCO)cc5)sc34)ccc2[nH]1,6.3,2004,False,703662
CHEMBL79060,Cc1cc2cc(Nc3ccnc4cc(-c5ccc(CNCCN6CCNCC6)cc5)sc34)ccc2[nH]1,6.6,2004,True,689130
CHEMBL79206,CN(CCO)Cc1ccc(-c2cc3nccc(Nc4ccc5[nH]ccc5c4)c3s2)cc1,8.52,2004,True,692855
CHEMBL79215,c1ccc(NCCN(c2cc3ncnc(Nc4ccc5[nH]ccc5c4)c3s2)n2cccc2)cc1,9.0,2004,True,696922
CHEMBL80164,Cc1cc2cc(Nc3ccnc4cc(-c5ccc(CNCCO)cc5)sc34)ccc2[nH]1,6.0,2004,False,708840
CHEMBL80302,Cc1cc2cc(Nc3ncnc4cc(-c5ccccc5)sc34)ccc2[nH]1,7.0,2004,True,699834
CHEMBL80540,c1cc(Nc2ccc3[nH]ccc3c2)c2sc(-c3ccc(CNCCN4CCNCC4)cc3)cc2n1,8.52,2004,True,675593
CHEMBL80809,CC(=O)NCCNCc1ccc(-c2cc3ncnc(Nc4ccc5[nH]ccc5c4)c3s2)cc1,8.3,2004,True,678271
CHEMBL81375,Cc1cc2cc(Nc3ccnc4cc(-c5ccc(CN(C)CCO)cc5)sc34)ccc2[nH]1,6.85,2004,True,701052
CHEMBL81712,O=C(c1ccccc1)c1cc2ncnc(Nc3ccc4[nH]ccc4c3)c2s1,8.05,2004,True,698441
CHEMBL939,COc1cc2ncnc(Nc3ccc(F)c(Cl)c3)c2cc1OCCCN1CCOCC1,9.0,2004,True,186630
CHEMBL1203934,COc1cc2ncnc(Nc3ccc(F)cc3)c2cc1OC.Cl,7.72,2005,True,1846681
CHEMBL1203935,CCOc1cc2ncnc(Nc3cc(F)cc(C(F)(F)F)c3)c2cc1OCC.Cl,8.05,2005,True,1846672
CHEMBL1203936,COc1cc2ncnc(Nc3cc(F)cc(C(F)(F)F)c3)c2cc1OC.Cl,7.72,2005,True,1846687
CHEMBL1203937,CCOc1cc2ncnc(NCc3ccc(F)cc3)c2cc1OCC.Cl,8.18,2005,True,1846686
CHEMBL1203938,COc1cc2ncnc(NCc3ccc(F)cc3)c2cc1OC.Cl,7.96,2005,True,1846685
CHEMBL1203939,CCOc1cc2ncnc(Nc3ccccc3F)c2cc1OCC.Cl,8.03,2005,True,1846668
CHEMBL1203940,CCOc1cc2ncnc(Nc3ccc(F)cc3)c2cc1OCC.Cl,7.8,2005,True,1846667
CHEMBL1204168,COc1cc2ncnc(Nc3cccc(Br)c3)c2cc1OC.Cl,9.18,2005,True,1846674
CHEMBL1204199,CCOc1cc2ncnc(Nc3cccc(Br)c3)c2cc1OCC.Cl,9.39,2005,True,1846678
CHEMBL1204261,CCOc1cc2ncnc(Nc3cccc(F)c3)c2cc1OCC.Cl,8.19,2005,True,1846680
CHEMBL1204262,CCOc1cc2ncnc(Nc3cccc(I)c3)c2cc1OCC.Cl,9.19,2005,True,1846677
CHEMBL1204305,COc1cc2ncnc(Nc3cccc(I)c3)c2cc1OC.Cl,8.98,2005,True,1846673
CHEMBL1204360,COc1cc2ncnc(Nc3ccccc3F)c2cc1OC.Cl,7.89,2005,True,1846682
CHEMBL153763,CCOc1cc2ncc(C#N)c(Nc3ccc(OCc4ccccc4)c(Cl)c3)c2cc1NC(=O)/C=C/CN1C(C)CCCC1C,6.61,2005,True,1415465
CHEMBL175492,C=C(CN(C)C)C(=O)Nc1cc2c(Nc3ccc(OCc4ccccc4)c(Cl)c3)c(C#N)cnc2cc1OCC,6.65,2005,True,1415721
CHEMBL175513,CCOc1cc2ncc(C#N)c(Nc3ccc(OCc4nc5ccccc5s4)c(Cl)c3)c2cc1NC(=O)/C=C/CN(C)C,6.73,2005,True,1415071
CHEMBL175552,CCOc1cc2ncc(C#N)c(Nc3ccc(N(C)Cc4ccccc4)c(Cl)c3)c2cc1NC(=O)/C=C/CN(C)C,6.6,2005,True,1414623
CHEMBL175556,CCOc1cc2ncc(C#N)c(Nc3ccc(OCc4ccccc4)c(Cl)c3)c2cc1NC(=O)/C=C/CN1CCOCC1,7.7,2005,True,1415471
CHEMBL175557,CCOc1cc2ncc(C#N)c(Nc3ccc(OCc4ccccc4)c(Cl)c3)c2cc1NC(=O)/C=C/CN1CCSCC1,7.8,2005,True,1415476
CHEMBL175558,COc1cc2ncc(C#N)c(Nc3ccc(Sc4ncc(-c5ccccc5)s4)c(Cl)c3)c2cc1NC(=O)/C=C/CN(C)C,7.5,2005,True,1416181
CHEMBL175621,CCOc1cc2ncc(C#N)c(Nc3ccc(OCc4ccnc5ccccc45)c(Cl)c3)c2cc1NC(=O)/C=C/CN(C)C,6.62,2005,True,1415076
CHEMBL175726,CCCCCOc1ccc(Nc2c(C#N)cnc3cc(OCC)c(NC(=O)/C=C/CN(C)C)cc23)cc1Cl,6.05,2005,False,1414790
CHEMBL175840,CCOc1cc2ncc(C#N)c(Nc3ccc(OCc4nccn4C)c(Cl)c3)c2cc1NC(=O)/C=C/CN(C)C,6.3,2005,False,1416196
CHEMBL175933,COc1cc2ncc(C#N)c(Nc3ccc(Sc4ncccn4)c(Cl)c3)c2cc1NC(=O)/C=C/CN(C)C,6.39,2005,False,1416176
CHEMBL176199,CCOc1cc2ncc(C#N)c(Nc3ccc(OCc4ccco4)c(Cl)c3)c2cc1NC(=O)/C=C/CN(C)C,7.64,2005,True,1414938
CHEMBL177688,OCCCNc1cncc(-c2cncc(Nc3cccc(Cl)c3)n2)c1,5.87,2005,False,1400129
CHEMBL178096,COc1cc2ncc(C#N)c(Nc3ccc(NCNc4ccccc4)c(Cl)c3)c2cc1NC(=O)/C=C/CN(C)C,6.68,2005,True,1415224
CHEMBL178144,CCOc1cc2ncc(C#N)c(Nc3ccc(OCc4ccccc4)c(Cl)c3)c2cc1NC(=O)/C=C/CN(C)CCOC,7.17,2005,True,1415328
CHEMBL178199,CCOc1cc2ncc(C#N)c(Nc3ccc(OCCc4ccccc4)c(Cl)c3)c2cc1NC(=O)/C=C/CN(C)C,6.78,2005,True,1414632
CHEMBL178265,CCOc1cc2ncc(C#N)c(Nc3ccc(Oc4ccncc4)c(Cl)c3)c2cc1NC(=O)/C=C/CN(C)C,6.19,2005,False,1416048
CHEMBL178290,CCOc1cc2ncc(C#N)c(Nc3ccc(OCc4cc(F)cc(F)c4)c(Cl)c3)c2cc1NC(=O)/C=C/CN(C)C,6.85,2005,True,1414775
CHEMBL178312,CCOc1cc2ncc(C#N)c(Nc3ccc(OCc4ccccc4)c(Cl)c3)c2cc1NC(=O)/C=C/CN1CCCC1,7.11,2005,True,1415595
CHEMBL178573,CCOc1cc2ncc(C#N)c(Nc3ccc(OCc4ccc5ccccc5c4)c(Cl)c3)c2cc1NC(=O)/C=C/CN(C)C,7.82,2005,True,1415086
CHEMBL178654,CCOc1cc2ncc(C#N)c(Nc3ccc(OCc4cccc(F)c4)c(Cl)c3)c2cc1NC(=O)/C=C/CN(C)C,7.47,2005,True,1414348
CHEMBL178922,CCOc1cc2ncc(C#N)c(Nc3ccc(N4CCOCC4)c(Cl)c3)c2cc1NC(=O)/C=C/CN(C)C,4.9,2005,False,1416068
CHEMBL178958,CCOc1cc2ncc(C#N)c(Nc3ccc(OCc4ccccc4)c(Cl)c3)c2cc1NC(=O)/C=C/CN1CCCC1COC,6.82,2005,True,1415348
CHEMBL179052,CCOc1cc2ncc(C#N)c(Nc3ccc(OCc4ccccc4)c(Cl)c3)c2cc1NC(=O)/C=C/CN(C(C)C)C(C)C,7.52,2005,True,1415741
CHEMBL179074,CCOc1cc2ncc(C#N)c(Nc3ccc(Cn4ccnc4)c(Cl)c3)c2cc1NC(=O)/C=C/CN(C)C,6.29,2005,False,1416063
CHEMBL179123,CCOc1cc2ncc(C#N)c(Nc3ccc(OCC4CCCCC4)c(Cl)c3)c2cc1NC(=O)/C=C/CN(C)C,6.54,2005,True,1414916
CHEMBL179164,CCOc1cc2ncc(C#N)c(Nc3ccc4c(ccn4S(=O)(=O)c4ccccc4)c3)c2cc1NC(=O)/C=C/CN(C)C,7.09,2005,True,1414340
CHEMBL179274,CCOc1cc2ncc(C#N)c(Nc3ccc(O[C@@H]4CCc5ccccc54)c(Cl)c3)c2cc1NC(=O)/C=C/CN(C)C,6.42,2005,False,1414500
CHEMBL179310,CCOc1cc2ncc(C#N)c(Nc3ccc4c(c3)CCN4Cc3ccccc3)c2cc1NC(=O)/C=C/CN(C)C,6.47,2005,False,1416323
CHEMBL179313,CCOc1cc2ncc(C#N)c(Nc3ccc(OCc4cccnc4)c(Cl)c3)c2cc1NC(=O)/C=C/CN(C)C,6.47,2005,False,1414933
CHEMBL179363,CCOc1cc2ncc(C#N)c(Nc3ccc(OCc4cccc(Cl)c4)c(Cl)c3)c2cc1NC(=O)/C=C/CN(C)C,8.15,2005,True,1414477
CHEMBL179451,ClCCNc1ccc2ncnc(Nc3cccc(Cl)c3)c2c1,7.58,2005,True,1423101
CHEMBL179458,COc1cc2ncc(C#N)c(Nc3ccc(-n4ccnc4)c(Cl)c3)c2cc1NC(=O)/C=C/CN(C)C,6.11,2005,False,1416043
CHEMBL179521,COc1cc2ncc(C#N)c(Nc3ccc(NCc4ccccc4)c(Cl)c3)c2cc1NC(=O)/C=C/CN(C)C,6.4,2005,False,1415213
CHEMBL179527,CCOc1cc2ncc(C#N)c(Nc3ccc(OCc4cccc(C#N)c4)c(Cl)c3)c2cc1NC(=O)/C=C/CN(C)C,6.71,2005,True,1414785
CHEMBL179572,COc1cc2ncc(C#N)c(Nc3ccc(Sc4nccs4)c(Cl)c3)c2cc1NC(=O)/C=C/CN(C)C,7.38,2005,True,1416058
CHEMBL179577,CCOc1cc2ncc(C#N)c(Nc3ccc(NCc4ccccc4)c(Cl)c3)c2cc1NC(=O)/C=C/CN(C)C,7.35,2005,True,1415203
CHEMBL179607,C=C(CN1CCOCC1)C(=O)Nc1cc2c(Nc3ccc(OCc4ccccc4)c(Cl)c3)c(C#N)cnc2cc1OCC,7.12,2005,True,1415726
CHEMBL179633,COc1cc2ncc(C#N)c(Nc3ccc(NCc4cccnc4)c(Cl)c3)c2cc1NC(=O)/C=C/CN(C)C,7.14,2005,True,1415218
CHEMBL179652,CCOc1cc2ncc(C#N)c(Nc3ccc4c(ccn4Cc4ccccc4)c3)c2cc1NC(=O)/C=C/CN(C)C,7.0,2005,True,1416311
CHEMBL179659,CCOc1cc2ncc(C#N)c(Nc3ccc(OCc4cccc(C)c4)c(Cl)c3)c2cc1NC(=O)/C=C/CN(C)C,6.96,2005,True,1414795
CHEMBL179726,COc1cc2ncc(C#N)c(Nc3ccc(OCc4ccccc4)c(Cl)c3)c2cc1NC(=O)/C=C/CN(C)C,7.62,2005,True,1414357
CHEMBL179766,CCOc1cc2ncc(C#N)c(Nc3ccc(NCc4cccc5ccccc45)c(Cl)c3)c2cc1NC(=O)/C=C/CN(C)C,7.47,2005,True,1415208
CHEMBL179923,CCOc1cc2ncc(C#N)c(Nc3ccc(OCc4ccccc4F)c(Cl)c3)c2cc1NC(=O)/C=C/CN(C)C,6.4,2005,False,1414647
CHEMBL179969,C=CS(=O)(=O)Nc1cc2c(Nc3ccc(OCc4ccccc4)c(Cl)c3)c(C#N)cnc2cc1OCC,7.35,2005,True,1415716
CHEMBL180018,CCOc1cc2ncc(C#N)c(Nc3ccc(Oc4ccccc4)c(Cl)c3)c2cc1NC(=O)/C=C/CN(C)C,6.35,2005,False,1416294
CHEMBL180175,COc1cc2ncc(C#N)c(Nc3ccc(Sc4nccn4C)c(Cl)c3)c2cc1NC(=O)/C=C/CN(C)C,7.39,2005,True,1416053
CHEMBL180227,COc1cc2ncc(C#N)c(Nc3ccc4c(cnn4Cc4ccccc4)c3)c2cc1NC(=O)/C=C/CN(C)C,6.89,2005,True,1416316
CHEMBL180415,CCOc1cc2ncc(C#N)c(Nc3ccc(OCc4ccc(Cl)cc4)c(Cl)c3)c2cc1NC(=O)/C=C/CN(C)C,7.29,2005,True,1414780
CHEMBL180516,CCOc1cc2ncc(C#N)c(Nc3ccc(OCc4ccc(F)cc4)c(Cl)c3)c2cc1NC(=O)/C=C/CN(C)C,7.19,2005,True,1414764
CHEMBL181275,Fc1ccc(Nc2ncnc3nn4ccccc4c23)cc1Cl,6.7,2005,True,1418537
CHEMBL181617,ClCCNc1ccc2ncnc(Nc3cccc(Br)c3)c2c1,8.0,2005,True,1423100
CHEMBL181742,Clc1cc(Nc2ncnc3nn4ccccc4c23)ccc1OCc1ccccc1,7.3,2005,True,1419025
CHEMBL182254,Fc1cccc(COc2ccc(Nc3ncnc4nn5ccccc5c34)cc2Cl)c1,7.5,2005,True,1418780
CHEMBL188386,OCCCCNc1cncc(-c2cncc(Nc3cccc(Cl)c3)n2)c1,5.13,2005,False,1483038
CHEMBL189779,CN(C)C/C=C/C(=O)Nc1ccc2ncnc(Nc3cccc(I)c3)c2c1,9.03,2005,True,1495666
CHEMBL190094,CN(C)C/C=C/C(=O)Nc1ccc2ncnc(Nc3cc(Cl)c(Cl)cc3F)c2c1,9.96,2005,True,1495657
CHEMBL190567,COCC(=O)Nc1ccc2ncnc(Nc3cccc(I)c3)c2c1,6.82,2005,True,1495547
CHEMBL190651,COCC(=O)Nc1ccc2ncnc(Nc3cc(Cl)c(Cl)cc3F)c2c1,6.6,2005,True,1495537
CHEMBL192737,COCC(=O)Nc1ccc2ncnc(Nc3cccc(Br)c3)c2c1,6.76,2005,True,1495544
CHEMBL193159,O=C(CCl)Nc1ccc2ncnc(Nc3cccc(Br)c3)c2c1,8.0,2005,True,1495653
CHEMBL193160,O=C(CCl)Nc1ccc2ncnc(Nc3cccc(I)c3)c2c1,9.92,2005,True,1495654
CHEMBL193368,CCc1c(C(=O)OCCCn2ccnc2)cn2ncnc(Nc3ccc4c(cnn4Cc4ccccc4)c3)c12,6.77,2005,True,1601158
CHEMBL193544,CN1CCC(Oc2cccc3ncnc(Nc4ccc(OCc5ccccn5)c(Cl)c4)c23)CC1,6.85,2005,True,1603472
CHEMBL193578,Clc1cc(Nc2ncnc3cccc(OC4CCOCC4)c23)ccc1OCc1ccccn1,5.62,2005,False,1603460
CHEMBL193681,CCc1c(C(=O)NCCCn2ccnc2)cn2ncnc(Nc3ccc4c(cnn4Cc4ccccc4)c3)c12,7.4,2005,True,1601154
CHEMBL194160,CCc1c(CC(N)=O)cn2ncnc(Nc3ccc4c(cnn4Cc4ccccc4)c3)c12,5.96,2005,False,1601145
CHEMBL194337,CN1CCC(Oc2cccc3ncnc(Nc4ccc(OCc5ccccn5)cc4)c23)CC1,5.68,2005,False,1603496
CHEMBL194349,CCOC(=O)c1cn2ncnc(Nc3ccc(Oc4ccccc4)cc3)c2c1CC,6.21,2005,False,1601108
CHEMBL194389,COc1cccc2ncnc(Nc3ccc(OCc4ccccn4)c(Cl)c3)c12,6.36,2005,False,1603498
CHEMBL194958,CCc1c(C(N)=O)cn2ncnc(Nc3ccc4c(cnn4Cc4ccccc4)c3)c12,6.92,2005,True,1601131
CHEMBL195029,COc1cc(Nc2c(C#N)cnc3cc4cc(OCCN5CCOCC5)c(OC)cc4cc23)c(Cl)cc1Cl,5.57,2005,False,1607553
CHEMBL195204,CN1CCC(Oc2cccc3ncnc(Nc4ccc(OCc5cscn5)c(Cl)c4)c23)CC1,6.16,2005,False,1603494
CHEMBL195218,CONC(=O)c1cc(Nc2ncnn3cc(NC(=O)OCCCS(C)(=O)=O)c(C(C)C)c23)c(F)cc1F,5.38,2005,False,1512374
CHEMBL196018,CCOC(=O)c1cn2ncnc(Nc3ccc(F)c(Cl)c3)c2c1CC,7.05,2005,True,1601098
CHEMBL196438,CCc1c(C(=O)O)cn2ncnc(Nc3ccc4c(cnn4Cc4ccccc4)c3)c12,7.7,2005,True,1601129
CHEMBL196548,CCOCc1cn2ncnc(Nc3ccc4c(cnn4Cc4ccccc4)c3)c2c1CC,6.02,2005,False,1601143
CHEMBL196738,CCOC(=O)c1cn2ncnc(Nc3ccc4c(cnn4Cc4ccccc4)c3)c2c1C,6.7,2005,True,1601112
CHEMBL196925,CCOC(=O)c1cn2ncnc(Nc3ccc4c(cnn4Cc4ccccc4)c3)c2c1CC,6.92,2005,True,1601106
CHEMBL197525,COc1ccc(Nc2ncnc3cccc(OC4CCN(C)CC4)c23)cc1Cl,5.75,2005,False,1603458
CHEMBL197640,CN1CCC(Oc2cccc3ncnc(Nc4ccc(OCc5cccc(F)c5)c(Cl)c4)c23)CC1,8.3,2005,True,1603452
CHEMBL197689,CCc1c(C(=O)NC)cn2ncnc(Nc3ccc4c(cnn4Cc4ccccc4)c3)c12,7.16,2005,True,1601133
CHEMBL2112990,CCOc1cc2ncc(C#N)c(Nc3ccc(OCc4ccccc4)c(Cl)c3)c2cc1NC(=O)/C=C/CN(C)NC[C@H](O)[C@@H](O)[C@H](O)[C@H](O)CO,6.14,2005,False,1415338
CHEMBL2447950,CCOc1cc2ncnc(Nc3cccc(Cl)c3)c2cc1OCC.Cl,9.42,2005,True,1846679
CHEMBL275762,O=C(CCl)Nc1ccc2ncnc(Nc3cc(Cl)c(Cl)cc3F)c2c1,10.15,2005,True,1495550
CHEMBL359629,CCOc1cc2ncc(C#N)c(Nc3ccc(OCc4cccc5ccccc45)c(Cl)c3)c2cc1NC(=O)/C=C/CN(C)C,8.0,2005,True,1415081
CHEMBL359630,CCOc1cc2ncc(C#N)c(Nc3ccc(OCc4ccccc4)c(Cl)c3)c2cc1NC(=O)/C=C/Cc1c[nH]cn1,7.62,2005,True,1415601
CHEMBL359660,CCOc1cc2ncc(C#N)c(Nc3ccc(OCc4ccccc4)c(Cl)c3)c2cc1NC(=O)/C=C/CN1CC1C(=O)OC,6.46,2005,False,1415585
CHEMBL359705,CCOc1cc2ncc(C#N)c(Nc3ccc(OCc4ccccc4)c(Cl)c3)c2cc1NC(=O)/C=C/c1ccccc1N(C)C,5.8,2005,False,1415611
CHEMBL360028,CCOc1cc2ncc(C#N)c(Nc3ccc(OCc4ccc(F)cc4F)c(Cl)c3)c2cc1NC(=O)/C=C/CN(C)C,6.96,2005,True,1414367
CHEMBL360211,CCOc1cc2ncc(C#N)c(Nc3ccc(OCc4ccccc4)c(Cl)c3)c2cc1NC(=O)/C=C/CN1CCOCCOCCOCC1,6.49,2005,False,1415590
CHEMBL360519,CCOc1cc2ncc(C#N)c(Nc3ccc(OCc4ccccc4Cl)c(Cl)c3)c2cc1NC(=O)/C=C/CN(C)C,7.96,2005,True,1415736
CHEMBL360662,CCOc1cc2ncc(C#N)c(Nc3ccc(O[C@H](C)c4ccccc4)c(Cl)c3)c2cc1NC(=O)/C=C/CN(C)C,7.0,2005,True,1415193
CHEMBL360754,CCOc1cc2ncc(C#N)c(Nc3ccc(O[C@H]4CCc5ccccc54)c(Cl)c3)c2cc1NC(=O)/C=C/CN(C)C,6.4,2005,False,1414505
CHEMBL360780,CCOc1cc2ncc(C#N)c(Nc3cc(Cl)c(OCc4ccccc4)c(Cl)c3)c2cc1NC(=O)/C=C/CN(C)C,6.79,2005,True,1414637
CHEMBL360933,CCOc1cc2ncc(C#N)c(Nc3ccc(OCc4ccccc4)c(Cl)c3)c2cc1NC(=O)/C=C/CN1CCN(C)CC1,6.44,2005,False,1415481
CHEMBL360958,CCOc1cc2ncc(C#N)c(Nc3ccc(OCc4ccccc4)c(Cl)c3)c2cc1NC(=O)/C=C/CN1CCCCC1,7.51,2005,True,1415353
CHEMBL360979,COc1cc2ncc(C#N)c(Nc3ccc(Cc4nc(-c5ccccc5)cs4)c(Cl)c3)c2cc1NC(=O)/C=C/CN(C)C,6.67,2005,True,1416191
CHEMBL361322,c1ccc(Cc2nc3cc(Nc4ncnc5nn6ccccc6c45)ccc3[nH]2)cc1,5.3,2005,False,1420571
CHEMBL361343,CCOc1cc2ncc(C#N)c(Nc3ccc(OCc4ccccc4)c(Cl)c3)c2cc1NC(=O)/C=C/CN(C)CCO,7.7,2005,True,1415333
CHEMBL362232,CCOc1cc2ncc(C#N)c(Nc3ccc(OCc4ccccc4OC)c(Cl)c3)c2cc1NC(=O)/C=C/CN(C)C,7.51,2005,True,1414482
CHEMBL362233,CCOc1cc2ncc(C#N)c(Nc3ccc(OCc4ccc(OCc5ccccc5)cc4)c(Cl)c3)c2cc1NC(=O)/C=C/CN(C)C,6.24,2005,False,1414487
CHEMBL362611,CCOc1cc2ncc(C#N)c(Nc3ccc(OCc4ccccc4)c(Cl)c3)c2cc1NC(=O)/C=C/CN1CCC(O)CC1,6.66,2005,True,1415455
CHEMBL362618,CCOc1cc2ncc(C#N)c(Nc3cc(Cl)c(OCc4cccc(F)c4)c(Cl)c3)c2cc1NC(=O)/C=C/CN(C)C,6.44,2005,False,1414770
CHEMBL362824,CCOc1cc2ncc(C#N)c(Nc3ccc(OCc4ccccc4)c(Cl)c3)c2cc1NC(=O)/C=C/CN1CCC(O)(O)CC1,6.55,2005,True,1415460
CHEMBL363130,Cc1ccsc1C(=O)n1nc(Nc2ccc(S(N)(=O)=O)cc2)nc1N,5.08,2005,False,1487653
CHEMBL363607,Cc1ccc(F)c(C(=O)n2nc(Nc3ccc(S(N)(=O)=O)cc3)nc2C)c1F,4.34,2005,False,1489568
CHEMBL363815,C=CC(=O)Nc1ccc2ncnc(Nc3cc(Cl)c(Cl)cc3F)c2c1,10.43,2005,True,1495678
CHEMBL365606,CCOC(=O)c1cn2ncnc(Nc3ccc4c(cnn4Cc4ccccc4)c3)c2c1C(C)C,6.7,2005,True,1601114
CHEMBL365805,C=CC(=O)Nc1cc2c(Nc3cccc(Br)c3)ncnc2cc1N1CCN(C)CC1,6.6,2005,True,1495673
CHEMBL367492,CCOc1cc2ncc(C#N)c(Nc3ccc(Sc4nc(-c5ccccc5)cs4)c(Cl)c3)c2cc1NC(=O)/C=C/CN(C)C,6.9,2005,True,1416186
CHEMBL367754,C=C(CNc1cc2c(Nc3ccc(OCc4ccccc4)c(Cl)c3)c(C#N)cnc2cc1OCC)C(=O)O,5.92,2005,False,1415731
CHEMBL367792,CCOc1cc2ncc(C#N)c(Nc3ccc(OCc4ccccc4)c(Cl)c3)c2cc1NC(=O)/C=C/c1cccc2cccnc12,6.0,2005,False,1415606
CHEMBL368234,CCOc1cc2ncc(C#N)c(Nc3ccc(OCc4ccccc4)c(Cl)c3)c2cc1NC(=O)/C=C/c1cn(C)cn1,6.59,2005,True,1415711
CHEMBL368702,CCOc1cc2ncc(C#N)c(Nc3ccc(OCc4ccccc4)c(Cl)c3)c2cc1NC(=O)/C=C/CN1CCC1,7.58,2005,True,1415486
CHEMBL369088,CCOc1cc2ncc(C#N)c(Nc3ccc(OCc4ccccc4)c(Cl)c3)c2cc1NC(=O)/C=C/CN(CC(C)O)CC(C)O,7.01,2005,True,1415343
CHEMBL369299,CCOc1cc2ncc(C#N)c(Nc3ccc(OCc4ccccc4)cc3)c2cc1NC(=O)/C=C/CN(C)C,6.46,2005,False,1414627
CHEMBL369967,CCNCc1cn2ncnc(Nc3ccc4c(cnn4Cc4ccccc4)c3)c2c1CC,5.13,2005,False,1601141
CHEMBL370266,CONC(=O)c1cc(Nc2ncnn3cc(NC(=O)OCC4CCCO4)c(C(C)C)c23)c(F)cc1F,5.26,2005,False,1512386
CHEMBL370934,CCOC(=O)c1cn2ncnc(Nc3cccc(Br)c3)c2c1CC,7.22,2005,True,1601100
CHEMBL371863,CCOC(=O)c1cn2ncnc(NCc3ccccc3)c2c1CC,6.7,2005,True,1601104
CHEMBL371888,COc1cc2ncnc(Nc3ccc(OCc4ccccn4)c(C)c3)c2cc1OC,7.23,2005,True,1603448
CHEMBL372112,CCOC(=O)c1cn2ncnc(Nc3ccc4[nH]ncc4c3)c2c1CC,7.3,2005,True,1601102
CHEMBL372246,C=CC(=O)Nc1cc2c(Nc3cc(Cl)c(Cl)cc3F)ncnc2cc1N1CCN(C)CC1,6.6,2005,True,1495670
CHEMBL372293,CCc1c(C(=O)N(C)C)cn2ncnc(Nc3ccc4c(cnn4Cc4ccccc4)c3)c12,6.7,2005,True,1601135
CHEMBL372523,CCc1c(NC(=O)OCc2ccccc2)cn2ncnc(Nc3ccc4c(cnn4Cc4ccccc4)c3)c12,6.68,2005,True,1601137
CHEMBL372692,CCc1c(CC(=O)O)cn2ncnc(Nc3ccc4c(cnn4Cc4ccccc4)c3)c12,5.8,2005,False,1601152
CHEMBL373025,CCc1c(CO)cn2ncnc(Nc3ccc4c(cnn4Cc4ccccc4)c3)c12,6.31,2005,False,1601139
CHEMBL373101,COc1cc(Nc2c(C#N)cnc3cc(-c4ccc(CN5CCN(C)CC5)cn4)sc23)c(Cl)cc1Cl,5.7,2005,False,1600052
CHEMBL401930,Cc1cc(N2CCOCC2)cc2[nH]c(-c3c(NC[C@@H](O)c4cccc(Cl)c4)cc[nH]c3=O)nc12,5.8,2005,False,1605366
CHEMBL412367,CCc1c(NC(=O)OCCn2ccnc2)cn2ncnc(Nc3ccc4c(cnn4Cc4ccccc4)c3)c12,7.4,2005,True,1601162
CHEMBL424959,COc1cc2ncc(C#N)c(Nc3ccc(OCc4ccccc4)cc3)c2cc1NC(=O)/C=C/CN(C)C,6.73,2005,True,1414362
CHEMBL425738,CCOC(=O)c1cc2c(Nc3ccc4c(cnn4Cc4ccccc4)c3)ncnn2c1,6.92,2005,True,1601110
CHEMBL426051,CCOc1cc2ncc(C#N)c(Nc3ccc(OCc4cccs4)c(Cl)c3)c2cc1NC(=O)/C=C/CN(C)C,6.56,2005,True,1414492
CHEMBL427314,CCOc1cc2ncc(C#N)c(Nc3cccc(OCc4ccccc4)c3)c2cc1NC(=O)/C=C/CN(C)C,4.89,2005,False,1414618
CHEMBL427315,CCOc1cc2ncc(C#N)c(Nc3ccc(O[C@@H](C)c4ccccc4)c(Cl)c3)c2cc1NC(=O)/C=C/CN(C)C,6.11,2005,False,1415198
CHEMBL434720,CCOc1cc2ncc(C#N)c(Nc3ccc(OCc4ccccc4)c(Cl)c3)c2cc1NC(=O)/C=C/CN(C)C,7.28,2005,True,1416167
CHEMBL436511,CN1CCC(Oc2cccc3ncnc(Nc4ccc(OCc5cnccn5)c(Cl)c4)c23)CC1,6.16,2005,False,1603492
CHEMBL437879,COc1cc2ncnc(Nc3cc(Cl)c(Cl)cc3F)c2cc1OC,9.68,2005,True,1495676
CHEMBL438805,CCCc1c(C(=O)OCC)cn2ncnc(Nc3ccc4c(cnn4Cc4ccccc4)c3)c12,6.02,2005,False,1601116
CHEMBL440935,CCOc1cc2ncc(C#N)c(Nc3ccc(OCc4ccccc4)c(C#N)c3)c2cc1NC(=O)/C=C/CN(C)C,6.12,2005,False,1414642
CHEMBL444619,COc1cc(ON2CCC(C)CC2)c2c(Nc3ccc(OCc4ccccn4)c(Cl)c3)ncnc2c1,8.3,2005,True,1603450
CHEMBL540068,COc1cc2ncnc(Nc3cccc(Cl)c3)c2cc1OC.Cl,9.1,2005,True,1846691
CHEMBL541586,COc1cc2ncnc(Nc3cccc(F)c3)c2cc1OC.Cl,8.2,2005,True,1846692
CHEMBL1794063,O=S(=O)(CCNCc1ccc(-c2ccc3ncnc(Nc4ccc(OCc5cccc(F)c5)c(Cl)c4)c3c2)o1)c1ccccc1,7.72,2006,True,1766875
CHEMBL200976,COC(=O)c1c(OCCN2CCCCC2)c2ccccc2c2oc3c(c12)C(=O)c1ccccc1C3=O,5.55,2006,False,1677863
CHEMBL201307,COc1cc2c(Nc3ncc(CC(=O)Nc4cccc(F)c4)s3)ncnc2cc1OCCCN1CCC(CO)CC1,6.1,2006,False,1678204
CHEMBL201511,COc1cc(C2=C(c3c[nH]c4ccccc34)C(=O)NC2=O)cc(OC)c1OC,4.5,2006,False,1790429
CHEMBL201840,COC(=O)c1c(OC)c2ccccc2c2oc3c(c12)C(=O)c1ccccc1C3=O,4.9,2006,False,1677858
CHEMBL201865,COC(=O)c1c(OCCN(C)C)c2ccccc2c2oc3c(c12)C(=O)c1ccccc1C3=O,4.51,2006,False,1677867
CHEMBL202162,CCN(CC)CCOc1c(C(=O)OC)c2c3c(oc2c2ccccc12)C(=O)c1ccccc1C3=O,5.29,2006,False,1677866
CHEMBL202244,COC(=O)c1c(OCCN2CCCC2)c2ccccc2c2oc3c(c12)C(=O)c1ccccc1C3=O,5.05,2006,False,1677864
CHEMBL202360,C#CC(=O)Nc1ccc2ncnc(Nc3cccc(Br)c3)c2c1,8.8,2006,True,1681990
CHEMBL202398,CCCCN(CC#CC(=O)Nc1ccc2ncnc(Nc3ccc(F)c(Cl)c3)c2c1)CCCC,7.96,2006,True,1682051
CHEMBL202411,O=C(C#CCO)Nc1ccc2ncnc(Nc3ccc(F)c(Cl)c3)c2c1,8.85,2006,True,1681988
CHEMBL202421,CCCCN(CC#CC(=O)Nc1cc2c(Nc3ccc(F)c(Cl)c3)ncnc2cn1)CCCC,7.77,2006,True,1681975
CHEMBL202424,CCCCC#CC(=O)Nc1cc2c(Nc3ccc(F)c(Cl)c3)ncnc2cn1,8.35,2006,True,1682044
CHEMBL202425,CCN(CC)CC#CC(=O)Nc1cc2c(Nc3ccc(F)c(Cl)c3)ncnc2cn1,7.82,2006,True,1681977
CHEMBL202556,O=C(C#CCN1CCOCC1)Nc1cc2c(Nc3ccc(F)c(Cl)c3)ncnc2cn1,8.51,2006,True,1681974
CHEMBL202621,O=C(C#CCN1CCOCC1)Nc1ccc2ncnc(Nc3ccc(F)c(Cl)c3)c2c1,7.51,2006,True,1682050
CHEMBL202970,COc1cc2c(cc1OC)Oc1ncnc(Nc3ccc(F)c(Cl)c3)c1NC2,6.16,2006,False,1697632
CHEMBL203132,Nc1ccc2c(c1)CNc1c(Nc3cccc(Br)c3)ncnc1O2,5.77,2006,False,1697610
CHEMBL203219,Brc1cccc(Nc2ncnc3c2NCc2ccccc2O3)c1,5.47,2006,False,1697604
CHEMBL203295,COc1cc(OC2CCN(C)CC2)c2c(Nc3ccc(F)c(Cl)c3)ncnc2c1,7.68,2006,True,1696689
CHEMBL203529,Fc1ccc2c(c1)CNc1c(Nc3ccccc3)ncnc1O2,5.16,2006,False,1697630
CHEMBL203599,CN1CCN(CCC#CC(=O)Nc2cc3c(Nc4ccc(F)c(Cl)c4)ncnc3cn2)CC1,9.3,2006,True,1681970
CHEMBL203644,CC#CC(=O)Nc1cc2c(Nc3ccc(F)c(Cl)c3)ncnc2cn1,9.52,2006,True,1681980
CHEMBL203645,CCCC#CC(=O)Nc1cc2c(Nc3ccc(F)c(Cl)c3)ncnc2cn1,8.77,2006,True,1681979
CHEMBL203661,O=C(C#CCCN1CCOCC1)Nc1cc2c(Nc3ccc(F)c(Cl)c3)ncnc2cn1,8.89,2006,True,1681973
CHEMBL203725,CN1CCC(Oc2cccc3ncnc(Nc4ccc(F)c(Cl)c4)c23)CC1,8.52,2006,True,1696698
CHEMBL203936,COc1ccc2ncnc(Nc3ccc(F)c(Cl)c3)c2c1OC1CCN(C)CC1,6.65,2006,True,1696699
CHEMBL204085,O=C(C#CCCN1CCOCC1)Nc1ccc2ncnc(Nc3ccc(F)c(Cl)c3)c2c1,8.77,2006,True,1681982
CHEMBL204164,C=CC(=O)Nc1ccc2c(c1)CNc1c(Nc3ccc(F)c(Cl)c3)ncnc1O2,5.31,2006,False,1697605
CHEMBL204223,COc1cc(OC)c2c(c1)Oc1ncnc(Nc3cccc(Br)c3)c1NC2,5.2,2006,False,1697600
CHEMBL204268,COc1cc(OC2CCOC2)c2c(Nc3ccc(F)c(Cl)c3)ncnc2c1,6.73,2006,True,1696701
CHEMBL204330,COc1cc(OC2CCN(C(C)=O)CC2)c2c(Nc3ccc(F)c(Cl)c3)ncnc2c1,6.06,2006,False,1696694
CHEMBL204335,COc1ccc2c(c1)CNc1c(NCc3ccccc3)ncnc1O2,5.7,2006,False,1697631
CHEMBL204420,COc1cc2ncnc(Nc3cccc(Cl)c3F)c2cc1CN1CCN(C)CC1C(N)=O,7.52,2006,True,1715580
CHEMBL204467,OCc1ccc(C#Cc2cncnc2Nc2ccc(OCc3cccc(F)c3)c(Cl)c2)o1,7.48,2006,True,1710014
CHEMBL204570,OCc1cccc(C#Cc2cncnc2Nc2ccc(OCc3cccc(F)c3)c(Cl)c2)n1,7.4,2006,True,1710013
CHEMBL204625,Nc1ccccc1C#Cc1cncnc1Nc1ccc(OCc2cccc(F)c2)c(Cl)c1,7.2,2006,True,1710031
CHEMBL204638,O=C(C#CCCN1CCOCC1)Nc1cc2c(Nc3ccc(F)c(Br)c3)ncnc2cn1,8.82,2006,True,1681972
CHEMBL204715,COc1ccc2c(c1)Oc1ncnc(Nc3cccc(Br)c3)c1NC2,5.72,2006,False,1697654
CHEMBL204965,Fc1ccc2c(c1)CNc1c(Nc3cccc(Br)c3)ncnc1O2,5.82,2006,False,1697624
CHEMBL205045,Fc1cccc(COc2ccc(Nc3ncncc3C#Cc3ccccn3)cc2Cl)c1,7.77,2006,True,1710020
CHEMBL205047,OCc1nc(C#Cc2cncnc2Nc2ccc(OCc3cccc(F)c3)c(Cl)c2)cs1,7.12,2006,True,1710015
CHEMBL205059,O=C(C#CCCN1CCCCC1)Nc1cc2c(Nc3ccc(F)c(Cl)c3)ncnc2cn1,9.05,2006,True,1681971
CHEMBL205148,O=C(O)c1ccc2c(c1)CNc1c(Nc3cccc(Br)c3)ncnc1O2,6.0,2006,False,1697612
CHEMBL205149,COc1cc(OC2CCNCC2)c2c(Nc3ccc(F)c(Cl)c3)ncnc2c1,8.0,2006,True,1696697
CHEMBL205235,Nc1cccc(C#Cc2cncnc2Nc2ccc(OCc3cccc(F)c3)c(Cl)c2)c1,7.38,2006,True,1710030
CHEMBL205284,Fc1cccc(COc2ccc(Nc3ncncc3C#Cc3cc[nH]n3)cc2Cl)c1,7.38,2006,True,1710018
CHEMBL205454,COc1ccc2c(c1)CNc1c(Nc3ccc(Cl)cc3)ncnc1O2,5.24,2006,False,1697627
CHEMBL205652,Fc1cccc(COc2ccc(Nc3ccncn3)cc2Cl)c1,6.5,2006,True,1710034
CHEMBL205676,Fc1ccc(Nc2ncnc3c2NCc2cc(Cl)ccc2O3)cc1Cl,6.0,2006,False,1697620
CHEMBL205765,CC(=O)Nc1cccc(C#Cc2cncnc2Nc2ccc(OCc3cccc(F)c3)c(Cl)c2)n1,7.04,2006,True,1710016
CHEMBL205776,CN1CCN(CCCOc2cc(OC3CCOCC3)c3c(Nc4ccc(F)c(Cl)c4)ncnc3c2)CC1,7.18,2006,True,1696691
CHEMBL205783,COc1cc(OC2CCOCC2)c2c(Nc3ccc(F)c(Cl)c3)ncnc2c1,5.86,2006,False,1696702
CHEMBL205798,CC(=O)Nc1cccc(C#Cc2cncnc2Nc2ccc(OCc3cccc(F)c3)c(Cl)c2)c1,7.92,2006,True,1710028
CHEMBL205870,C#Cc1cncnc1Nc1ccc(OCc2cccc(F)c2)c(Cl)c1,7.07,2006,True,1710033
CHEMBL205966,Nc1ccc(C#Cc2cncnc2Nc2ccc(OCc3cccc(F)c3)c(Cl)c2)cc1,7.52,2006,True,1710029
CHEMBL206003,NCc1cccc(C#Cc2cncnc2Nc2ccc(OCc3cccc(F)c3)c(Cl)c2)n1,7.68,2006,True,1710012
CHEMBL206029,CS(=O)(=O)CCNC(=O)NCc1cccc(C#Cc2cncnc2Nc2ccc(OCc3cccc(F)c3)c(Cl)c2)n1,7.82,2006,True,1710010
CHEMBL206197,Nc1ccc2c(c1)CNc1c(Nc3ccc(F)c(Cl)c3)ncnc1O2,5.43,2006,False,1697609
CHEMBL206280,Fc1ccc(Nc2ncnc3c2NCc2cc(Br)ccc2O3)cc1Cl,5.7,2006,False,1697621
CHEMBL206320,Fc1ccc2c(c1)CNc1c(Nc3cccc(-c4ccccc4)c3)ncnc1O2,5.7,2006,False,1697616
CHEMBL206347,COc1ccc2c(c1)Oc1ncnc(Nc3ccc(F)c(Cl)c3)c1NC2,6.0,2006,False,1697618
CHEMBL206370,COc1ccc2c(c1)CNc1c(Nc3cccc(-c4ccccc4)c3)ncnc1O2,5.01,2006,False,1697646
CHEMBL206483,Cc1cccc(-n2ncc3c(NCc4ccc5c(c4)OCO5)ncnc32)c1,4.82,2006,False,1705156
CHEMBL206782,COC(=O)CCCC(=O)Nc1cccc(C#Cc2cncnc2Nc2ccc(OCc3cccc(F)c3)c(Cl)c2)c1,7.51,2006,True,1710022
CHEMBL206783,COc1cc2ncnc(Nc3cccc(Cl)c3F)c2cc1CN1CCCC[C@@H]1C(N)=O,8.1,2006,True,1715579
CHEMBL206848,O=C(O)c1ccc2c(c1)CNc1c(Nc3ccc(F)c(Cl)c3)ncnc1O2,5.36,2006,False,1697611
CHEMBL206955,COc1cc2ncnc(Nc3ccc(F)c(Cl)c3)c2cc1CN1CCC[C@@H]1C(N)=O,8.22,2006,True,1715589
CHEMBL207009,O=C(NCCCl)Nc1ccc2ncnc(Nc3cccc(Br)c3)c2c1,7.75,2006,True,1721405
CHEMBL207037,COc1cc2ncnc(Nc3cccc(Cl)c3F)c2cc1CN1CC(C(N)=O)C1,7.3,2006,True,1715576
CHEMBL207130,COc1cc2ncnc(Nc3cccc(Cl)c3F)c2cc1CN(C)C1(C(N)=O)CCN(C)CC1,8.05,2006,True,1715561
CHEMBL207235,COc1cc2ncnc(Nc3cccc(Cl)c3F)c2cc1CN1C[C@H](OC)C[C@@H]1C(N)=O,8.0,2006,True,1715585
CHEMBL207246,COc1cc2ncnc(Nc3cccc(Cl)c3F)c2cc1CN1CCC1C(N)=O,7.16,2006,True,1715577
CHEMBL207247,CC(=O)NCc1cccc(C#Cc2cncnc2Nc2ccc(OCc3cccc(F)c3)c(Cl)c2)c1,7.22,2006,True,1710024
CHEMBL207410,CNC(=O)c1cccc(C#Cc2cncnc2Nc2ccc(OCc3cccc(F)c3)c(Cl)c2)c1,7.1,2006,True,1710025
CHEMBL207445,COCC[C@@H](C(N)=O)N(C)Cc1cc2c(Nc3cccc(Cl)c3F)ncnc2cc1OC,8.0,2006,True,1715563
CHEMBL207584,COc1cc2ncnc(Nc3cccc(Cl)c3F)c2cc1CN1CCC[C@H]1C(N)=O,7.52,2006,True,1715587
CHEMBL207674,COc1cc2ncnc(Nc3cccc(Cl)c3F)c2cc1CN1CCOCC1C(N)=O,7.3,2006,True,1715578
CHEMBL207687,COc1cc2ncnc(Nc3cccc(Cl)c3F)c2cc1CN(C)[C@@H](C)C(N)=O,8.1,2006,True,1715572
CHEMBL207718,COc1cc2ncnc(Nc3cccc(Cl)c3F)c2cc1CN(C)C1(C(N)=O)CN(C)C1,8.0,2006,True,1715594
CHEMBL207815,COCCN1CC(C(N)=O)(N(C)Cc2cc3c(Nc4cccc(Cl)c4F)ncnc3cc2OC)C1,8.22,2006,True,1715557
CHEMBL207869,Fc1cccc(COc2ccc(Nc3ncncc3C#Cc3ncccn3)cc2Cl)c1,7.11,2006,True,1710019
CHEMBL208048,COc1cc2ncnc(Nc3cccc(Cl)c3F)c2cc1CN(C(C)C)[C@@H](C)C(N)=O,7.3,2006,True,1715603
CHEMBL208118,COc1cc2ncnc(Nc3cccc(Cl)c3F)c2cc1CN(C)[C@H](C)C(N)=O,8.05,2006,True,1715573
CHEMBL208144,CN(CCCl)C(=O)Nc1ccc2ncnc(Nc3cccc(Cl)c3)c2c1,7.09,2006,True,1721403
CHEMBL208240,Cc1cccc(Nc2ncnc3ccc(NC(=O)NCCCl)cc23)c1,6.17,2006,False,1721407
CHEMBL208286,COc1cc2ncnc(Nc3cccc(Cl)c3F)c2cc1CN(C)[C@@H](CO)C(N)=O,7.7,2006,True,1715565
CHEMBL208292,COc1cc2ncnc(Nc3cccc(Cl)c3F)c2cc1CN1CCC[C@@H]1C(N)=O,8.0,2006,True,1715586
CHEMBL208358,CS(=O)(=O)Nc1cccc(C#Cc2cncnc2Nc2ccc(OCc3cccc(F)c3)c(Cl)c2)c1,6.96,2006,True,1710026
CHEMBL208594,CNc1ccc2ncnc(Nc3cccc(C)c3)c2c1,7.96,2006,True,1721410
CHEMBL208849,Cc1cccc(Nc2ncnc3ccc(NC(=O)N(C)CCCl)cc23)c1,5.77,2006,False,1721404
CHEMBL209343,CNc1ccc2ncnc(Nc3cccc(Cl)c3)c2c1,8.4,2006,True,1721409
CHEMBL209818,Cc1cccc(Nc2ncnc3ccc(N(C)C(=O)N(CCCl)N=O)cc23)c1,5.94,2006,False,1721398
CHEMBL210378,CN(C(=O)N(CCCl)N=O)c1ccc2ncnc(Nc3cccc(Cl)c3)c2c1,6.69,2006,True,1721397
CHEMBL210444,O=C(NCCCl)Nc1ccc2ncnc(Nc3cccc(Cl)c3)c2c1,7.66,2006,True,1721406
CHEMBL210502,Cc1cccc(Nc2ncnc3ccc(NC(=O)N(CCCl)N=O)cc23)c1,5.97,2006,False,1721401
CHEMBL210659,O=NN(CCCl)C(=O)Nc1ccc2ncnc(Nc3cccc(Cl)c3)c2c1,7.17,2006,True,1721400
CHEMBL210660,O=NN(CCCl)C(=O)Nc1ccc2ncnc(Nc3cccc(Br)c3)c2c1,7.33,2006,True,1721399
CHEMBL210893,CN(C(=O)N(CCCl)N=O)c1ccc2ncnc(Nc3cccc(Br)c3)c2c1,6.53,2006,True,1721396
CHEMBL211003,CNC(=O)[C@@H](C)N(C)Cc1cc2c(Nc3cccc(Cl)c3F)ncnc2cc1OC,7.7,2006,True,1715606
CHEMBL212201,O=S(=O)(CCCCNCc1ccc(-c2ccc3ncnc(Nc4ccc(OCc5ccccc5)c(Cl)c4)c3c2)o1)c1ccccc1,7.3,2006,True,1766870
CHEMBL212250,O=S(=O)(CCOCc1ccc(-c2ccc3ncnc(Nc4ccc(OCc5cccc(F)c5)c(Cl)c4)c3c2)o1)c1ccccc1,7.6,2006,True,1766871
CHEMBL212251,CCCN(CCS(C)(=O)=O)Cc1ccc(-c2ccc3ncnc(Nc4ccc(OCc5cccc(F)c5)c(Cl)c4)c3c2)o1,7.07,2006,True,1766869
CHEMBL212954,[O-][S+]1CCN(Cc2ccc(-c3ccc4ncnc(Nc5ccc(OCc6cccc(F)c6)c(Cl)c5)c4c3)o2)CC1,7.55,2006,True,1766865
CHEMBL212965,[O-][S+]1CCN(Cc2ccc(-c3ccc4ncnc(Nc5ccc(OCc6ccccc6)c(Cl)c5)c4c3)o2)CC1,7.92,2006,True,1766863
CHEMBL213007,COc1cc2ncnc(Nc3cc(Cl)ccc3F)c2cc1OC1CCN(S(C)(=O)=O)CC1,9.0,2006,True,1768207
CHEMBL213173,COc1cc2c(cc1OC)Oc1ncnc(Oc3cccc(Cl)c3F)c1NC2,5.34,2006,False,1768129
CHEMBL213342,CS(=O)(=O)CCNCc1ccc(-c2ccc3ncnc(Nc4ccc(OCc5ccccc5)cc4)c3c2)o1,7.57,2006,True,1766886
CHEMBL213371,COc1cc2c(cc1OC)Sc1nc(C)nc(Nc3ccc4c[nH]nc4c3)c1NC2,4.61,2006,False,1768110
CHEMBL213560,O=C1NC(=O)N(CCc2ccccc2)/C1=C/c1ccc(O)cc1,6.15,2006,False,1758667
CHEMBL213616,COc1cc2c(cc1OC)Sc1nc(C)nc(Nc3ccc4[nH]cnc4c3)c1NC2,4.84,2006,False,1768112
CHEMBL213818,CS(=O)(=O)CCNCc1ccc(-c2ccc3ncnc(Nc4ccc(OCc5cccc(F)c5)cc4)c3c2)o1,7.62,2006,True,1766885
CHEMBL213874,COc1cc2ncnc(Nc3cccc(Cl)c3F)c2cc1OCC1CCN(C)CC1,8.7,2006,True,1768054
CHEMBL214023,O=S(=O)(CCNCc1ccc(-c2ccc3ncnc(Nc4ccc(OCc5cccc(F)c5)c(C(F)(F)F)c4)c3c2)o1)c1ccccn1,7.72,2006,True,1766874
CHEMBL214419,CS(=O)(=O)CCNCc1ccc(-c2ccc3ncnc(Nc4ccc(OCc5cccc(C(F)(F)F)c5)cc4)c3c2)o1,7.04,2006,True,1766883
CHEMBL214478,COc1cc2ncnc(Nc3cc(Cl)ccc3F)c2cc1OC1CCN(CC(N)=O)CC1,8.05,2006,True,1768208
CHEMBL214487,CC(C)S(=O)(=O)CCNCc1ccc(-c2ccc3ncnc(Nc4ccc(OCc5cccc(F)c5)c(Cl)c4)c3c2)o1,7.75,2006,True,1766876
CHEMBL214627,COc1cc2c(cc1OC)Sc1nc(C)nc(Nc3ccc4ncsc4c3)c1NC2,4.82,2006,False,1768111
CHEMBL214631,COc1cc2ncnc(Nc3cc(Cl)ccc3F)c2cc1OC1CCN(C)CC1,6.97,2006,True,1768058
CHEMBL214689,CS(=O)(=O)CCNCc1ccc(-c2ccc3ncnc(Nc4ccc(OCc5ccccc5)c(Br)c4)c3c2)o1,7.6,2006,True,1766881
CHEMBL214744,COc1cc2c(cc1OC)Sc1nc(C)nc(Nc3ccc(F)c(Cl)c3)c1NC2,4.34,2006,False,1768116
CHEMBL214753,COc1cc2c(cc1OC)Oc1ncnc(Nc3cc(Cl)ccc3F)c1NC2,5.96,2006,False,1768138
CHEMBL214798,COc1cc2ncnc(Nc3cccc(Cl)c3F)c2cc1OC1CCN(C)CC1,8.7,2006,True,1768062
CHEMBL214853,COc1cc2c(cc1OC)Oc1ncnc(Sc3cccc(Br)c3)c1NC2,5.92,2006,False,1768169
CHEMBL214857,COCCN1CCC(Oc2cc3c(Nc4cccc(Cl)c4F)ncnc3cc2OC)CC1,8.52,2006,True,1768212
CHEMBL214863,COc1cc2c(cc1OC)Sc1nc(C)nc(Nc3ccc4ccccc4c3)c1NC2,4.77,2006,False,1768113
CHEMBL214868,COc1cc2c(cc1OC)Oc1ncnc(Nc3cccc(Cl)c3F)c1NC2,6.52,2006,True,1768139
CHEMBL214999,COc1cc2c(cc1OC)Sc1ncnc(Nc3cccc(Cl)c3F)c1NC2,4.2,2006,False,1768123
CHEMBL215033,COc1cc(Nc2ncnc3ccc(-c4ccc(CNCCS(C)(=O)=O)o4)cc23)ccc1OCc1cccc(F)c1,7.0,2006,True,1766880
CHEMBL215055,COc1cc2c(cc1OC)Nc1ncnc(Nc3cccc(Br)c3)c1NC2,5.82,2006,False,1768104
CHEMBL215071,C#Cc1cccc(Nc2ncnc3c2NCc2cc(OC)c(OC)cc2O3)c1,6.05,2006,False,1768185
CHEMBL215171,CS(=O)(=O)CCOCc1ccc(-c2ccc3ncnc(Nc4ccc(OCc5cccc(F)c5)c(Cl)c4)c3c2)o1,7.58,2006,True,1766872
CHEMBL215191,COc1cc2c(cc1OC)Nc1ncnc(NCc3ccccc3)c1NC2,6.7,2006,True,1768101
CHEMBL215210,COc1cc2c(cc1OC)Oc1ncnc(Sc3cccc(Cl)c3)c1NC2,6.0,2006,False,1768126
CHEMBL215365,COc1cc2c(cc1OC)Sc1ncnc(Nc3ccc(F)c(Cl)c3)c1NC2,5.09,2006,False,1768124
CHEMBL215488,COc1cc2c(cc1OC)Oc1ncnc(Nc3ccc4c[nH]nc4c3)c1NC2,5.92,2006,False,1768136
CHEMBL215520,COc1cc2c(cc1OC)Sc1ncnc(Oc3cccc(Br)c3)c1NC2,4.66,2006,False,1768108
CHEMBL215559,COCCN1CCC(Oc2cc3c(Nc4cc(Cl)ccc4F)ncnc3cc2OC)CC1,6.94,2006,True,1768209
CHEMBL215716,[O-][S+]1CCN(Cc2ccc(-c3ccc4ncnc(Nc5ccc(OCc6ccccc6)c(F)c5)c4c3)o2)CC1,7.8,2006,True,1766864
CHEMBL215786,COc1cc2ncnc(Nc3ccc(F)c(Cl)c3)c2cc1OCC1CCN(C)CC1,8.52,2006,True,1768061
CHEMBL215814,CS(=O)(=O)CCNCc1ccc(-c2ccc3ncnc(Nc4ccc(OCc5cccc(F)c5)c(C(F)(F)F)c4)c3c2)o1,7.1,2006,True,1766878
CHEMBL215973,COc1cc2c(cc1OC)Oc1ncnc(Nc3ccc4ccccc4c3)c1NC2,6.3,2006,False,1768135
CHEMBL216039,COc1cccc(CNc2ncnc3c2NCc2cc(OC)c(OC)cc2N3)c1,6.1,2006,False,1768102
CHEMBL216048,COc1cc2c(cc1OC)Oc1ncnc(Oc3cccc(Br)c3)c1NC2,6.16,2006,False,1768131
CHEMBL217090,Clc1ccc2c(c1Nc1ncnc3cc(OCCCN4CCCC4)cc(OC4CCOCC4)c13)OCO2,6.05,2006,False,1779364
CHEMBL217092,CN1CCN(CCOc2cc(OC3CCOCC3)c3c(Nc4c(Cl)ccc5c4OCO5)ncnc3c2)CC1,5.59,2006,False,1779386
CHEMBL217536,O=C(Nc1ccc2ncnc(Nc3cccc(Br)c3)c2c1)C1CCSS1,7.22,2006,True,1777403
CHEMBL218677,COc1cc2ncnc(Nc3cccc(Cl)c3F)c2cc1OC1CCN(CC(N)=O)CC1,8.7,2006,True,1768211
CHEMBL219557,COc1cc(Nc2c(C#N)cnc3cc(-c4coc(CN5CCN(C)CC5)c4)c(OC)cc23)c(Cl)cc1Cl,6.64,2006,True,1800144
CHEMBL265367,Cn1ccnc1S(=O)(=O)CCNCc1ccc(-c2ccc3ncnc(Nc4ccc(OCc5cccc(F)c5)c(C(F)(F)F)c4)c3c2)o1,7.77,2006,True,1766873
CHEMBL276154,COc1cc2ncnc(Nc3ccc(F)c(Cl)c3)c2cc1OC1CCN(C)CC1,8.0,2006,True,1768060
CHEMBL364623,Cc1cc(Nc2ncc(C(=O)Nc3c(C)cccc3Cl)s2)nc(C)n1,5.28,2006,False,1778609
CHEMBL370808,COc1ccc(C#CC(C)(C)N)cc1-c1[nH]nc2nc(Nc3ccc(F)cc3F)ncc12,5.28,2006,False,1664709
CHEMBL373207,CCN(CC)CC#CC(=O)Nc1ccc2ncnc(Nc3ccc(F)c(Cl)c3)c2c1,8.51,2006,True,1681987
CHEMBL376089,COc1cc2c(cc1OC)Nc1ncnc(NCc3ccc(F)c(Cl)c3)c1NC2,6.52,2006,True,1768103
CHEMBL376967,COc1cc2ncnc(Nc3cccc(Cl)c3F)c2cc1CN(CCN(C)C)[C@@H](C)C(N)=O,7.05,2006,True,1715601
CHEMBL377250,[O-][S+]1CCN(Cc2ccc(-c3ccc4ncnc(Nc5ccc(OCc6cccc(F)c6)c(C(F)(F)F)c5)c4c3)o2)CC1,7.05,2006,True,1766866
CHEMBL377277,COc1cc(OC(C)C)c2c(Nc3ccc(F)c(Cl)c3)ncnc2c1,5.09,2006,False,1696700
CHEMBL377730,COc1cc2c(cc1OC)Oc1ncnc(Nc3ccc4ncsc4c3)c1NC2,5.25,2006,False,1768134
CHEMBL377772,COc1cc2ncnc(Nc3cccc(Cl)c3F)c2cc1CN1CCC[C@H]1CC(N)=O,6.89,2006,True,1715616
CHEMBL378144,C#CC(=O)Nc1cc2c(Nc3cccc(Br)c3)ncnc2cn1,9.22,2006,True,1681981
CHEMBL378145,Clc1ccc2c(c1)CNc1c(Nc3cccc(Br)c3)ncnc1O2,5.47,2006,False,1697625
CHEMBL378370,COc1cc2ncnc(Nc3cccc(Cl)c3F)c2cc1CN(C)C1CCNC1=O,7.7,2006,True,1715569
CHEMBL379001,COc1cc2c(cc1OC)Nc1ncnc(N[C@H](C)c3ccccc3)c1NC2,6.82,2006,True,1768080
CHEMBL379017,COc1cc(OC2CCN(S(C)(=O)=O)CC2)c2c(Nc3ccc(F)c(Cl)c3)ncnc2c1,5.02,2006,False,1696693
CHEMBL379041,Fc1ccc2c(c1)CNc1c(NCc3ccccc3)ncnc1O2,5.05,2006,False,1697664
CHEMBL379047,CN(CCCl)C(=O)Nc1ccc2ncnc(Nc3cccc(Br)c3)c2c1,6.81,2006,True,1721402
CHEMBL379093,Fc1cccc(COc2ccc(Nc3ncncc3C#Cc3ccccc3)cc2Cl)c1,7.1,2006,True,1710032
CHEMBL379601,COc1cc2ncnc(Nc3cccc(Cl)c3F)c2cc1CN(C)CC(N)=O,7.7,2006,True,1715574
CHEMBL379905,COC[C@@H](C(N)=O)N(C)Cc1cc2c(Nc3cccc(Cl)c3F)ncnc2cc1OC,7.52,2006,True,1715564
CHEMBL380006,COc1cc2ncnc(Nc3cccc(Cl)c3F)c2cc1CN(C)[C@H](C)C(=O)N(C)C,7.4,2006,True,1715570
CHEMBL380078,CNC(=O)NCc1cccc(C#Cc2cncnc2Nc2ccc(OCc3cccc(F)c3)c(Cl)c2)n1,7.64,2006,True,1710011
CHEMBL380247,CS(=O)(=O)CCNCc1ccc(-c2ccc3ncnc(Nc4ccc(OCc5ccccc5)c(Cl)c4)c3c2)o1,7.75,2006,True,1766882
CHEMBL380386,COc1cc2ncnc(Nc3cccc(Cl)c3F)c2cc1CN[C@H](C)C(N)=O,6.92,2006,True,1715610
CHEMBL380454,COc1cc2ncnc(Nc3cccc(Cl)c3F)c2cc1CN1CC[C@H](C(N)=O)C1,7.1,2006,True,1715582
CHEMBL380669,CC(C)N(CC#CC(=O)Nc1ccc2ncnc(Nc3ccc(F)c(Cl)c3)c2c1)C(C)C,8.38,2006,True,1681986
CHEMBL380889,COc1cc2ncnc(Nc3cccc(Cl)c3F)c2cc1CN(C)[C@@H](CN(C)C)C(N)=O,7.3,2006,True,1715562
CHEMBL380972,COc1cc2c(cc1OC)Oc1ncnc(Nc3cccc(Br)c3)c1NC2,6.52,2006,True,1768091
CHEMBL381080,CS(=O)(=O)CCC(=O)Nc1cccc(C#Cc2cncnc2Nc2ccc(OCc3cccc(F)c3)c(Cl)c2)c1,7.3,2006,True,1710023
CHEMBL381306,Brc1ccc2c(c1)CNc1c(NCc3ccccc3)ncnc1O2,5.22,2006,False,1697598
CHEMBL381541,C=CC(=O)Nc1ccc2c(c1)CNc1c(Nc3cccc(Br)c3)ncnc1O2,5.27,2006,False,1697637
CHEMBL381604,Nc1nccc(C#Cc2cncnc2Nc2ccc(OCc3cccc(F)c3)c(Cl)c2)n1,7.5,2006,True,1710017
CHEMBL382041,COCCOc1cc(OC2CCOCC2)c2c(Nc3ccc(F)c(Cl)c3)ncnc2c1,6.17,2006,False,1696692
CHEMBL382073,CCN(CC)CCC#CC(=O)Nc1ccc2ncnc(Nc3ccc(F)c(Cl)c3)c2c1,8.74,2006,True,1681983
CHEMBL382186,CS(=O)(=O)Nc1ccc2c(c1)CNc1c(Nc3cccc(Br)c3)ncnc1O2,5.39,2006,False,1697608
CHEMBL382638,COc1cc2ncnc(Nc3ccc(F)c(Cl)c3)c2cc1CN1CCC[C@H]1C(N)=O,7.7,2006,True,1715588
CHEMBL382822,COc1cc2ncnc(Nc3cccc(Cl)c3F)c2cc1CN1CCC[C@@H]1C(=O)N(C)C,6.35,2006,False,1715583
CHEMBL382823,COCCN(Cc1cc2c(Nc3cccc(Cl)c3F)ncnc2cc1OC)[C@@H](C)C(N)=O,8.0,2006,True,1715567
CHEMBL382862,Brc1ccc2c(c1)CNc1c(Nc3ccccc3)ncnc1O2,5.0,2006,False,1691387
CHEMBL383030,COC(=O)c1c(OCCCN(C)C)c2ccccc2c2oc3c(c12)C(=O)c1ccccc1C3=O,4.87,2006,False,1677865
CHEMBL383121,COc1ccc2c(c1)CNc1c(Nc3ccccc3)ncnc1O2,5.12,2006,False,1697629
CHEMBL383246,COc1cc2ncnc(Nc3cccc(Cl)c3F)c2cc1CN(C)C1(C(N)=O)CCN(C(C)C)CC1,7.6,2006,True,1715560
CHEMBL383444,COc1ccc2c(c1)CNc1c(Nc3cccc(Br)c3)ncnc1O2,6.0,2006,False,1697653
CHEMBL383499,CC(C)N(CC#CC(=O)Nc1cc2c(Nc3ccc(F)c(Cl)c3)ncnc2cn1)C(C)C,7.36,2006,True,1681976
CHEMBL383614,Brc1cccc(Nc2ncnc3c2NCc2cc(Br)ccc2O3)c1,6.0,2006,False,1697626
CHEMBL383760,CNC(=O)[C@H]1CCCN1Cc1cc2c(Nc3cccc(Cl)c3F)ncnc2cc1OC,7.3,2006,True,1715584
CHEMBL383965,CCCS(=O)(=O)CCNCc1ccc(-c2ccc3ncnc(Nc4ccc(OCc5cccc(F)c5)c(Cl)c4)c3c2)o1,7.68,2006,True,1766877
CHEMBL384042,COc1cc2c(cc1OC)Sc1nc(C)nc(Nc3ccc4c(c3)CN=N4)c1NC2,4.79,2006,False,1768109
CHEMBL384067,COc1cc2c(cc1OC)Oc1ncnc(Oc3cccc(Br)c3)c1N(C)C2,5.92,2006,False,1768130
CHEMBL384205,COc1cc2c(cc1OC)Sc1ncnc(Sc3cccc(Cl)c3)c1NC2,5.54,2006,False,1768105
CHEMBL384407,CS(=O)(=O)CCN(CC#N)Cc1ccc(-c2ccc3ncnc(Nc4ccc(OCc5cccc(F)c5)c(Cl)c4)c3c2)o1,7.57,2006,True,1766868
CHEMBL384558,COc1cc2c(cc1OC)Oc1ncnc(Nc3ccc(F)cc3Cl)c1NC2,5.47,2006,False,1768137
CHEMBL384699,COc1cc2ncnc(Nc3cc(Cl)ccc3F)c2cc1OCCCN1CCOCC1,7.29,2006,True,1768040
CHEMBL384711,CS(=O)(=O)CCNCc1ccc(-c2ccc3ncnc(Nc4ccc(OCc5cccc(Br)c5)cc4)c3c2)o1,7.37,2006,True,1766884
CHEMBL385015,COc1cc2c(cc1OC)Oc1ncnc(Nc3ccc(Br)cc3)c1NC2,5.06,2006,False,1768142
CHEMBL385292,COc1cc2c(cc1OC)Sc1ncnc(Oc3cccc(Cl)c3F)c1NC2,4.71,2006,False,1768107
CHEMBL385425,COc1cc2c(cc1OC)Sc1ncnc(Nc3ccc4c[nH]nc4c3)c1NC2,4.85,2006,False,1768122
CHEMBL385471,COc1cc2ncnc(Nc3cc(Cl)ccc3F)c2cc1OCC1CCN(C)CC1,8.05,2006,True,1768059
CHEMBL385479,COc1cc2ncnc(Nc3cccc(Cl)c3F)c2cc1OCCCN1CCOCC1,7.75,2006,True,1768027
CHEMBL386365,COc1cc2c(cc1OC)Oc1ncnc(Nc3cccc(C)c3)c1NC2,5.36,2006,False,1768186
CHEMBL386456,COc1cc2c(cc1OC)Sc1ncnc(Sc3cccc(Br)c3)c1NC2,5.8,2006,False,1768106
CHEMBL386998,COc1cc2c(cc1OC)Oc1ncnc(Nc3ccc(F)cc3)c1NC2,5.15,2006,False,1768141
CHEMBL387207,CS(=O)(=O)CCNCc1ccc(-c2ccc3ncnc(Nc4ccc(OCc5ccccc5)c(C(F)(F)F)c4)c3c2)o1,6.8,2006,True,1766879
CHEMBL387265,COc1cc2ncnc(Nc3cccc(Cl)c3F)c2cc1OC1CCN(S(C)(=O)=O)CC1,8.7,2006,True,1768210
CHEMBL424853,Fc1ccc2c(c1)CNc1c(Nc3ccc(F)c(Cl)c3)ncnc1O2,6.0,2006,False,1697619
CHEMBL425074,COc1cc2c(cc1OC)Sc1ncnc(N(C)c3cccc(Cl)c3)c1NC2,4.57,2006,False,1768119
CHEMBL425083,COc1cc2c(cc1OC)Sc1nc(C)nc(Nc3cccc(Br)c3)c1NC2,4.51,2006,False,1768118
CHEMBL425402,Fc1ccc(Nc2ncnc3c2NCc2ccccc2O3)cc1Cl,5.96,2006,False,1697603
CHEMBL425601,COc1cc2ncnc(Nc3cccc(Cl)c3F)c2cc1CN(C)C1(C(N)=O)CN(C(C)C)C1,8.05,2006,True,1715558
CHEMBL425620,COc1cc2c(cc1OC)Oc1ncnc(Oc3ccc(F)c(Cl)c3)c1N(C)C2,4.97,2006,False,1768128
CHEMBL425965,COc1cc2c(cc1OC)Sc1ncnc(Nc3cccc(Br)c3)c1NC2,5.23,2006,False,1768125
CHEMBL426124,COc1ccc2c(c1)CNc1c(Nc3ccc(F)c(Cl)c3)ncnc1O2,6.05,2006,False,1697617
CHEMBL436137,Cc1cccc(C)c1-c1cc(C)c2nc(Nc3ccc(OCCN4CCCC4)cc3)nnc2c1,6.01,2006,False,1807171
CHEMBL437885,COc1cc2ncnc(Nc3cccc(Cl)c3F)c2cc1CN1CCCC1,6.52,2006,True,1715625
CHEMBL437890,CN1CCN(CCC#CC(=O)Nc2cc3c(Nc4ccc(F)c(Br)c4)ncnc3cn2)CC1,8.96,2006,True,1681969
CHEMBL438075,CC(=O)Nc1ccc(C#Cc2cncnc2Nc2ccc(OCc3cccc(F)c3)c(Cl)c2)cc1,4.6,2006,False,1710027
CHEMBL438440,Fc1cccc(COc2ccc(Nc3ncncc3C#Cc3cccnc3)cc2Cl)c1,7.13,2006,True,1710021
CHEMBL445572,CS(=O)(=O)CCN(Cc1ccccc1)Cc1ccc(-c2ccc3ncnc(Nc4ccc(OCc5cccc(F)c5)c(Cl)c4)c3c2)o1,7.05,2006,True,1766867
CHEMBL5416410,Cc1nc(Nc2ncc(C(=O)Nc3c(C)cccc3Cl)s2)cc(N2CCN(CCO)CC2)n1.O,6.75,2006,True,1778613
CHEMBL606964,COc1ccc(N2Cc3cnc(Nc4ccc(F)cc4)nc3N([C@@H]3CC[C@@H](O)C3)C2=O)cc1,6.26,2006,False,1704010
CHEMBL91867,CC#CC(=O)Nc1ccc2ncnc(Nc3cccc(Br)c3)c2c1,9.7,2006,True,1681989
CHEMBL101253,Clc1ccc(Nc2nnc(Cc3ccncc3)c3ccccc23)cc1,6.34,2007,False,1943181
CHEMBL13485,CCN(CC)CCNC(=O)c1c(C)[nH]c(/C=C2\C(=O)Nc3ccc(Cl)cc32)c1C,5.52,2007,False,2199107
CHEMBL180022,CCOc1cc2ncc(C#N)c(Nc3ccc(OCc4ccccn4)c(Cl)c3)c2cc1NC(=O)/C=C/CN(C)C,10.1,2007,True,1943195
CHEMBL220037,N#Cc1cnc2ccc(NCc3c[nH]cn3)cc2c1Nc1ccc(F)c(Cl)c1,7.52,2007,True,1922851
CHEMBL225720,CN(C)CCN/N=N/c1ccc2ncnc(Nc3cccc(Cl)c3)c2c1,7.43,2007,True,1881009
CHEMBL225721,COc1ccc(N(CCN/N=N/c2ccc3ncnc(Nc4cccc(Cl)c4)c3c2)CC(C)Cl)cc1,6.01,2007,False,1881008
CHEMBL225928,CN(CCCl)CCN/N=N/c1ccc2ncnc(Nc3cccc(Cl)c3)c2c1,8.36,2007,True,1881013
CHEMBL225929,ClCCN(CCN/N=N/c1ccc2ncnc(Nc3cccc(Cl)c3)c2c1)Cc1ccccc1,7.15,2007,True,1881012
CHEMBL225930,ClCCN(CCN/N=N/c1ccc2ncnc(Nc3cccc(Cl)c3)c2c1)c1ccc(Cl)cc1,5.66,2007,False,1881010
CHEMBL231663,COC(=O)C1CCN(Cc2ccn3ncnc(Nc4ccc5c(cnn5Cc5cccc(F)c5)c4)c23)CC1,6.0,2007,False,1951302
CHEMBL231875,Fc1cccc(Cn2ncc3cc(Nc4ncnn5ccc(CN6CCNCC6)c45)ccc32)c1,7.05,2007,True,1951300
CHEMBL231885,CC(=O)N1CCN(Cc2ccn3ncnc(Nc4ccc5c(cnn5Cc5cccc(F)c5)c4)c23)CC1,6.15,2007,False,1951297
CHEMBL232082,CN1CCN(Cc2ccn3ncnc(Nc4ccc5c(cnn5Cc5cccc(F)c5)c4)c23)CC1,6.77,2007,True,1951299
CHEMBL233324,O=C1CCN(Cc2ccn3ncnc(Nc4ccc5c(cnn5Cc5cccc(F)c5)c4)c23)CCN1,6.62,2007,True,1951293
CHEMBL233325,O[C@H]1CNCCN(Cc2ccn3ncnc(Nc4ccc5c(cnn5Cc5cccc(F)c5)c4)c23)C1,7.58,2007,True,1951292
CHEMBL234577,CN1CCCN(Cc2ccn3ncnc(Nc4ccc5c(cnn5Cc5cccc(F)c5)c4)c23)CC1,6.89,2007,True,1951295
CHEMBL234580,O=C1CNCCN(Cc2ccn3ncnc(Nc4ccc5c(cnn5Cc5cccc(F)c5)c4)c23)C1,6.11,2007,False,1951290
CHEMBL234772,O=C(O)C1CCN(Cc2ccn3ncnc(Nc4ccc5c(cnn5Cc5cccc(F)c5)c4)c23)CC1,6.66,2007,True,1951303
CHEMBL241918,CCOc1cc2ncnc(NC3=CC(=O)C(OCc4cccc(OC)c4)=CC3=O)c2cc1NC(=O)/C=C/CN(C)C,6.97,2007,True,1943186
CHEMBL241919,CCOc1cc2ncnc(NC3=CC(=O)C(OCc4cccc(C)c4)=CC3=O)c2cc1NC(=O)/C=C/CN(C)C,7.6,2007,True,1943185
CHEMBL241988,N#Cc1cnc2c(Br)cc(NCc3c[nH]cn3)cc2c1Nc1ccc(F)c(Cl)c1,5.48,2007,False,1922861
CHEMBL241990,COc1cc(NCc2c[nH]cn2)cc2c(Nc3ccc(F)c(Cl)c3)c(C#N)cnc12,5.68,2007,False,1922859
CHEMBL242131,CN(C)C/C=C/C(=O)Nc1ccc2ncnc(Nc3ccc(Br)cc3F)c2c1,6.15,2007,False,1943203
CHEMBL242206,C[S+]([O-])c1cc(NCc2c[nH]cn2)cc2c(Nc3ccc(F)c(Cl)c3)c(C#N)cnc12,5.3,2007,False,1922858
CHEMBL242349,COCCOc1cc2ncnc(NC3=CC(=O)C(OCc4cccc(OC)c4)=CC3=O)c2cc1OC,5.11,2007,False,1943179
CHEMBL243410,CCOc1cc2ncnc(NC3=CC(=O)C(OC(CF)CF)=CC3=O)c2cc1NC(=O)/C=C/CN(C)C,6.55,2007,True,1943193
CHEMBL243628,CCOc1cc2ncnc(NC3=CC(=O)C(OCc4ccc(F)c(F)c4)=CC3=O)c2cc1NC(=O)/C=C/CN(C)C,6.78,2007,True,1943191
CHEMBL243629,CCOc1cc2ncnc(NC3=CC(=O)C(OCc4ccccc4)=CC3=O)c2cc1NC(=O)/C=C/CN(C)C,7.73,2007,True,1943190
CHEMBL243837,CCOc1cc2ncnc(NC3=CC(=O)C(OCc4cccc(Cl)c4)=CC3=O)c2cc1NC(=O)/C=C/CN(C)C,7.91,2007,True,1943188
CHEMBL243839,CCOc1cc2ncnc(NC3=CC(=O)C(OCc4cccs4)=CC3=O)c2cc1NC(=O)/C=C/CN(C)C,7.32,2007,True,1943187
CHEMBL244948,O=c1ccc2ccc(O)c(O)c2o1,5.12,2007,False,2136920
CHEMBL245212,N#Cc1cnc2c(F)cc(NCc3c[nH]cn3)cc2c1Nc1ccc(F)c(Cl)c1,6.3,2007,False,1922863
CHEMBL245277,C[C@@H](c1ccccc1)n1ncc2cc(Nc3ncnn4ccc(COC[C@@H]5CNCCO5)c34)ccc21,6.16,2007,False,2021453
CHEMBL245278,C[C@H](c1cccc(F)c1)n1ncc2cc(Nc3ncnn4ccc(COC[C@@H]5CNCCO5)c34)ccc21,7.17,2007,True,2021452
CHEMBL245667,NCCCOCc1ccn2ncnc(Nc3ccc4c(cnn4Cc4cccc(F)c4)c3)c12,7.19,2007,True,2021376
CHEMBL245798,COc1cc2c(N[C@@H]3C[C@H]3c3ccccc3)c(C#N)cnc2cc1OC1CCN(C)CC1,6.44,2007,False,2045387
CHEMBL245799,N#Cc1cnc2ccc(-c3cccc(CN4CCOCC4)c3)cc2c1N[C@@H]1C[C@H]1c1ccccc1,5.28,2007,False,2045386
CHEMBL245800,N#Cc1cnc2ccc(-c3ccc(CN)cc3)cc2c1N[C@@H]1C[C@H]1c1ccccc1,5.68,2007,False,2045385
CHEMBL245867,NCCCCOCc1ccn2ncnc(Nc3ccc4c(cnn4Cc4cccc(F)c4)c3)c12,6.8,2007,True,2021375
CHEMBL245868,CN(C)CCCOCc1ccn2ncnc(Nc3ccc4c(cnn4Cc4cccc(F)c4)c3)c12,6.21,2007,False,2021374
CHEMBL245869,Fc1cccc(Cn2ncc3cc(Nc4ncnn5ccc(COC6CCNCC6)c45)ccc32)c1,7.14,2007,True,2021373
CHEMBL246072,Fc1cccc(Cn2ncc3cc(Nc4ncnn5ccc(COCC6CCNCC6)c45)ccc32)c1,6.89,2007,True,2021372
CHEMBL246073,Fc1cccc(Cn2ncc3cc(Nc4ncnn5ccc(COC[C@H]6CCCNC6)c45)ccc32)c1,6.72,2007,True,2021371
CHEMBL246276,OCc1ccn2ncnc(Nc3ccc4c(cnn4Cc4cccc(F)c4)c3)c12,6.92,2007,True,2021366
CHEMBL246284,Fc1cccc(Cn2ncc3cc(Nc4ncnn5ccc(COC[C@@H]6CNCCO6)c45)ccc32)c1,7.21,2007,True,2021370
CHEMBL246356,CNc1ncnc(-c2cccnc2Oc2cc(NC(=O)c3cccc(OC(F)(F)C(F)F)c3)ccc2C)n1,4.6,2007,False,2025985
CHEMBL246489,COCCOCc1ccn2ncnc(Nc3ccc4c(cnn4Cc4cccc(F)c4)c3)c12,6.31,2007,False,2021381
CHEMBL246491,COC(=O)COCc1ccn2ncnc(Nc3ccc4c(cnn4Cc4cccc(F)c4)c3)c12,6.34,2007,False,2021379
CHEMBL246492,Fc1cccc(Cn2ncc3cc(Nc4ncnn5ccc(COC[C@@H]6COCCN6)c45)ccc32)c1,6.19,2007,False,2021368
CHEMBL246493,Fc1cccc(COc2ccc(Nc3ncnn4ccc(COC[C@@H]5CNCCO5)c34)cc2Cl)c1,6.25,2007,False,2038916
CHEMBL246687,N[C@H]1CCN(Cc2ccn3ncnc(Nc4ccc5c(cnn5Cc5cccc(F)c5)c4)c23)C1,7.3,2007,True,2038925
CHEMBL246694,NC(=O)COCc1ccn2ncnc(Nc3ccc4c(cnn4Cc4cccc(F)c4)c3)c12,6.85,2007,True,2021378
CHEMBL246898,CS(=O)(=O)CCNC1CCN(Cc2ccn3ncnc(Nc4ccc5c(cnn5Cc5cccc(F)c5)c4)c23)CC1,6.7,2007,True,2038921
CHEMBL247024,N#Cc1cnc2ccc(-c3ccc(CN4CCOCC4)cc3)cc2c1N[C@@H]1C[C@H]1c1ccccc1,5.6,2007,False,2045384
CHEMBL247100,Cc1ccn2ncnc(Nc3ccc4[nH]ncc4c3)c12,6.68,2007,True,2021348
CHEMBL247101,Cc1ccn2ncnc(Nc3ccc(OCc4cccc(F)c4)c(Cl)c3)c12,6.6,2007,True,2021347
CHEMBL247104,OCCNC1CCN(Cc2ccn3ncnc(Nc4ccc5c(cnn5Cc5cccc(F)c5)c4)c23)CC1,7.32,2007,True,2038922
CHEMBL247127,c1cncc(Cn2ncc3cc(Nc4ncnn5ccc(COC[C@@H]6CNCCO6)c45)ccc32)c1,6.09,2007,False,2021455
CHEMBL247228,Nc1ncnc2occ(-c3ccc(NC(=O)Nc4cc(C(F)(F)F)ccc4F)cc3)c12,5.0,2007,False,2021690
CHEMBL247309,CN(C)C1CCN(Cc2ccn3ncnc(Nc4ccc5c(cnn5Cc5cccc(F)c5)c4)c23)CC1,7.0,2007,True,2038920
CHEMBL247468,c1ccc(-c2c(-c3ccc(OCCN4CCCC4)cc3)oc3ncnc(NCCN4CCNCC4)c23)cc1,6.4,2007,False,2022204
CHEMBL247512,CC(=O)NC1CCN(Cc2ccn3ncnc(Nc4ccc5c(cnn5Cc5cccc(F)c5)c4)c23)CC1,6.42,2007,False,2038919
CHEMBL247513,O=C(CO)NC1CCN(Cc2ccn3ncnc(Nc4ccc5c(cnn5Cc5cccc(F)c5)c4)c23)CC1,6.96,2007,True,2038918
CHEMBL247709,Fc1cccc(COc2ccc(Nc3ncnn4ccc(CN5CCCNCC5)c34)cc2Cl)c1,7.32,2007,True,2038915
CHEMBL247710,NC1CCN(Cc2ccn3ncnc(Nc4ccc(OCc5cccc(F)c5)c(Cl)c4)c23)CC1,7.42,2007,True,2038914
CHEMBL247711,COc1cn2ncnc(Nc3ccc4c(cnn4Cc4cccc(F)c4)c3)c2c1CN1CCCNCC1,6.72,2007,True,2038912
CHEMBL247866,CC(C)Nc1ncnc2oc(-c3ccc(OCCN4CCCC4)cc3)c(-c3ccccc3)c12,5.99,2007,False,2022212
CHEMBL247914,NC1CCN(Cc2ccn3ncnc(Nc4ccc5c(cnn5Cc5ccccn5)c4)c23)CC1,7.33,2007,True,2038910
CHEMBL247915,NC1CCN(Cc2ccn3ncnc(Nc4ccc5c(cnn5Cc5cccnc5)c4)c23)CC1,6.72,2007,True,2038909
CHEMBL247916,NC1CCN(Cc2ccn3ncnc(Nc4ccc5c(cnn5Cc5ccncc5)c4)c23)CC1,6.28,2007,False,2038908
CHEMBL248044,COc1cc2ncc(C#N)c(N[C@@H]3C[C@H]3c3ccccc3)c2cc1OC,7.05,2007,True,2045359
CHEMBL248045,COc1ccc2c(N[C@@H]3C[C@H]3c3ccccc3)c(C#N)cnc2c1,5.59,2007,False,2045397
CHEMBL248108,NC1CCN(Cc2ccn3ncnc(Nc4ccc5c(cnn5Cc5cccc(F)c5)c4)c23)CC1,7.46,2007,True,2038928
CHEMBL248114,Cc1cncc(Cn2ncc3cc(Nc4ncnn5ccc(CN6CCC(N)CC6)c45)ccc32)c1,7.72,2007,True,2038907
CHEMBL248115,Cc1cncc(COc2ccc(Nc3ncnn4ccc(CN5CCC(N)CC5)c34)cc2Cl)c1,7.07,2007,True,2038905
CHEMBL248116,NC1CCN(Cc2ccn3ncnc(Nc4ccc(OCc5ccccn5)c(Cl)c4)c23)CC1,7.44,2007,True,2038904
CHEMBL248220,COc1cc2ncc(C#N)c(N[C@@H]3C[C@H]3c3ccccc3)c2cc1OCc1ccccc1,5.79,2007,False,2045395
CHEMBL248222,COc1cc2ncc(C#N)c(N[C@@H]3C[C@H]3c3ccccc3)c2cc1OCCCc1cccnc1,7.17,2007,True,2045392
CHEMBL248321,NC1CCN(Cc2ccn3ncnc(Nc4ccc(OCc5cnccn5)c(Cl)c4)c23)CC1,7.5,2007,True,2038903
CHEMBL248322,NC1CCN(Cc2ccn3ncnc(Nc4ccc(OCc5cccc[n+]5[O-])c(Cl)c4)c23)CC1,7.16,2007,True,2038902
CHEMBL248391,COc1cc2c(N[C@@H]3C[C@H]3c3ccccc3)c(C#N)cnc2cc1OCCCc1cccnc1,6.76,2007,True,2045391
CHEMBL248392,COc1cc2c(N[C@@H]3C[C@H]3c3ccccc3)c(C#N)cnc2cc1OCCCN1CCOCC1,8.3,2007,True,2045389
CHEMBL248393,COc1cc2c(N[C@@H]3C[C@H]3c3ccccc3)c(C#N)cnc2cc1OCCCN1CCN(C)CC1,8.24,2007,True,2045388
CHEMBL248674,COc1cc2ncnc(Nc3cccc(C#CCCO)c3)c2cc1OC,6.4,2007,False,2048879
CHEMBL248864,COc1cc2ncnc(Nc3cccc(C#CC(C)(C)O)c3)c2cc1OC,6.69,2007,True,2048877
CHEMBL249509,C#Cc1ccc2ncnc(Nc3ccc(F)c(Cl)c3)c2c1,6.9,2007,True,2048892
CHEMBL249511,Fc1ccc(Nc2ncnc3ccc(C#Cc4ccccc4)cc23)cc1Cl,6.48,2007,False,2048891
CHEMBL249919,OCC#Cc1ccc2ncnc(Nc3ccc(F)c(Cl)c3)c2c1,7.85,2007,True,2048889
CHEMBL249921,OCCC#Cc1ccc2ncnc(Nc3ccc(F)c(Cl)c3)c2c1,6.73,2007,True,2048888
CHEMBL249927,O=C(CO)N1CCC[C@@H]1COc1cccc2ncnc(Nc3ccc(OCc4ccccn4)c(Cl)c3)c12,7.01,2007,True,2047569
CHEMBL249928,CN(CCOc1cccc2ncnc(Nc3ccc(OCc4ccccn4)c(Cl)c3)c12)C(=O)CO,7.46,2007,True,2047574
CHEMBL250130,C[C@H](COc1cccc2ncnc(Nc3ccc(OCc4ccccn4)c(Cl)c3)c12)N(C)C(=O)CO,8.52,2007,True,2047573
CHEMBL250132,C[C@H](CN(C)C(=O)CO)Oc1cccc2ncnc(Nc3ccc(OCc4ccccn4)c(Cl)c3)c12,8.7,2007,True,2047571
CHEMBL250315,COc1cc2ncnc(C#Cc3ccccc3)c2cc1OC,5.25,2007,False,2047149
CHEMBL250318,COc1cc2ncnc(C#CCCc3ccccc3)c2cc1OC,7.85,2007,True,2047172
CHEMBL250523,COc1cc2ncnc(C#CCOc3ccccc3)c2cc1OC,7.82,2007,True,2047171
CHEMBL250524,COc1cc2ncnc(C#CC(C)(C)N(C)c3ccccc3)c2cc1OC,7.1,2007,True,2047169
CHEMBL250923,COc1cc2ncnc(/C=C/CCc3ccccc3)c2cc1OC,8.4,2007,True,2047160
CHEMBL250924,COc1cc2ncnc(C#Cc3ccccc3-c3ccccc3)c2cc1OC,7.58,2007,True,2047159
CHEMBL250925,CCOc1cc2ncnc(/C=C/c3ccccc3)c2cc1OCC,7.82,2007,True,2047158
CHEMBL251123,CCOc1cc2ncnc(/C=C/CCCc3ccccc3)c2cc1OCC,6.85,2007,True,2047156
CHEMBL251124,CCOc1cc2ncnc(C#Cc3[nH]ccc3-c3ccccc3)c2cc1OCC,8.0,2007,True,2047155
CHEMBL251125,CCOc1cc2ncnc(C#Cc3c[nH]nc3-c3ccc(F)cc3)c2cc1OCC,8.74,2007,True,2047153
CHEMBL251291,OCCCC#Cc1ccc2ncnc(Nc3ccc(F)c(Cl)c3)c2c1,6.94,2007,True,2048887
CHEMBL251314,CCOc1cc2ncnc(C#CC(C)(Cc3ccccc3)N3CCC(C(=O)O)CC3)c2cc1OCC,7.93,2007,True,2047152
CHEMBL251315,CCOc1cc2ncnc(C#C[C@](C)(Cc3ccccc3)N3CCC(C(=O)O)CC3)c2cc1OCC,6.18,2007,False,2047150
CHEMBL251497,CC(C)(O)C#Cc1ccc2ncnc(Nc3ccc(F)c(Cl)c3)c2c1,6.82,2007,True,2048885
CHEMBL251498,Fc1ccc(Nc2ncnc3ccc(C#CCN4CCOCC4)cc23)cc1Cl,7.3,2007,True,2048884
CHEMBL251700,Fc1ccc(Nc2ncnc3ccc(C#CCN4CCCCC4)cc23)cc1Cl,7.05,2007,True,2048883
CHEMBL258940,CN1CCC(Nc2ncc3ncnc(Nc4ccc(F)c(Cl)c4)c3n2)CC1,8.52,2007,True,2136831
CHEMBL265629,O=C1CN(Cc2ccn3ncnc(Nc4ccc5c(cnn5Cc5cccc(F)c5)c4)c23)CCN1,6.46,2007,False,1951298
CHEMBL304929,C#Cc1cccc(Nc2ncnc3cc(OC)c(OC)cc23)c1,7.54,2007,True,2048882
CHEMBL3085374,COc1cc2ncnc(C#C[C@](C)(O)Cc3ccccc3)c2cc1OC,8.05,2007,True,2047168
CHEMBL3085375,COc1cc2ncnc(C#C[C@@](C)(Cc3ccccc3)N3CCC(C(=O)O)CC3)c2cc1OC,7.48,2007,True,2047167
CHEMBL3085376,CCN(CC)[C@@](C)(C#Cc1ncnc2cc(OC)c(OC)cc12)Cc1ccccc1,8.52,2007,True,2047166
CHEMBL3085377,CCN(CC)[C@@](C)(C#Cc1ncnc2cc(OC)c(OC)cc12)c1ccccc1,5.14,2007,False,2047165
CHEMBL3085378,CCN(CC)[C@@](C)(C#Cc1ncnc2cc(OC)c(OC)cc12)CCc1ccccc1,5.92,2007,False,2047164
CHEMBL3085379,CCN(CC)[C@@](C)(C#Cc1ncnc2cc(OC)c(OC)cc12)Cc1ccncc1,6.7,2007,True,2047163
CHEMBL3085380,CCN(CC)[C@@](C)(C#Cc1ncnc2cc(OC)c(OC)cc12)CC1CCCCC1,5.96,2007,False,2047162
CHEMBL3085381,CCN(CC)[C@@](C)(CCc1ncnc2cc(OC)c(OC)cc12)Cc1ccccc1,6.89,2007,True,2047161
CHEMBL373882,CNc1ncnc(-c2cccnc2Oc2ccc(F)c(C(=O)Nc3cc(C(F)(F)F)ccc3N(C)CCCN(C)C)c2)n1,4.6,2007,False,1815207
CHEMBL387187,O=C(Nc1cccc(Nc2cc(Nc3cccc(C(F)(F)F)c3)ncn2)c1)C1CC1,8.4,2007,True,2136930
CHEMBL388286,COc1ccc(N(CCCl)CCN/N=N/c2ccc3ncnc(Nc4cccc(Cl)c4)c3c2)cc1,5.4,2007,False,1881011
CHEMBL391181,COc1cn2ncnc(Nc3ccc4c(cnn4Cc4cccc(F)c4)c3)c2c1CN1CCC(N)CC1,7.4,2007,True,2038911
CHEMBL391321,OCCNCc1ccn2ncnc(Nc3ccc4c(cnn4Cc4cccc(F)c4)c3)c12,7.35,2007,True,1951307
CHEMBL391387,NC1CCN(Cc2ccn3ncnc(Nc4ccc(OCc5cccnc5)c(Cl)c4)c23)CC1,6.82,2007,True,2038906
CHEMBL391521,CN(CCO)Cc1ccn2ncnc(Nc3ccc4c(cnn4Cc4cccc(F)c4)c3)c12,6.96,2007,True,1951306
CHEMBL391675,Fc1cccc(Cn2ncc3cc(Nc4ncnn5ccc(CN6CCCC6)c45)ccc32)c1,6.3,2007,False,1951305
CHEMBL391738,COc1cc(Nc2c(C#N)cnc3cc(C#CCCN4CCN(C)CC4)c(OC)cc23)c(Cl)cc1Cl,6.14,2007,False,2017697
CHEMBL391778,NCC1CCN(Cc2ccn3ncnc(Nc4ccc5c(cnn5Cc5cccc(F)c5)c4)c23)CC1,7.46,2007,True,2038924
CHEMBL391779,CNC1CCN(Cc2ccn3ncnc(Nc4ccc5c(cnn5Cc5cccc(F)c5)c4)c23)CC1,7.2,2007,True,2038923
CHEMBL392273,Fc1cccc(Cn2ncc3cc(Nc4ncnn5ccc(CN6CCCNCC6)c45)ccc32)c1,7.48,2007,True,1951296
CHEMBL392664,Fc1cccc(Cn2ncc3cc(Nc4ncnn5ccc(CNC6CCNCC6)c45)ccc32)c1,6.96,2007,True,2038927
CHEMBL392774,COC1CNCCN(Cc2ccn3ncnc(Nc4ccc5c(cnn5Cc5cccc(F)c5)c4)c23)C1,6.72,2007,True,1951289
CHEMBL393264,CC1(N)CCN(Cc2ccn3ncnc(Nc4ccc5c(cnn5Cc5cccc(F)c5)c4)c23)CC1,7.3,2007,True,2038917
CHEMBL393787,O[C@@H]1CNCCN(Cc2ccn3ncnc(Nc4ccc5c(cnn5Cc5cccc(F)c5)c4)c23)C1,6.7,2007,True,1951291
CHEMBL393848,N[C@@H]1CCN(Cc2ccn3ncnc(Nc4ccc5c(cnn5Cc5cccc(F)c5)c4)c23)C1,7.22,2007,True,2038926
CHEMBL394056,COCc1ccn2ncnc(Nc3ccc4c(cnn4Cc4cccc(F)c4)c3)c12,6.47,2007,False,2021382
CHEMBL394057,O=C(O)COCc1ccn2ncnc(Nc3ccc4c(cnn4Cc4cccc(F)c4)c3)c12,7.52,2007,True,2021380
CHEMBL394333,NCCOCc1ccn2ncnc(Nc3ccc4c(cnn4Cc4cccc(F)c4)c3)c12,7.05,2007,True,2021377
CHEMBL394462,Cc1ccn2ncnc(Nc3ccc4c(cnn4Cc4ccccn4)c3)c12,6.7,2007,True,2021345
CHEMBL394463,Cc1ccn2ncnc(Nc3ccc4c(cnn4Cc4cccnc4)c3)c12,5.75,2007,False,2021344
CHEMBL394495,C[C@H](c1ccccc1)n1ncc2cc(Nc3ncnn4ccc(COC[C@@H]5CNCCO5)c34)ccc21,6.92,2007,True,2021454
CHEMBL395573,N#Cc1cnc2c(Cl)cc(NCc3cccc[n+]3[O-])cc2c1Nc1ccc(F)c(Cl)c1,5.54,2007,False,1922854
CHEMBL395591,Fc1cccc(Cn2ncc3cc(Nc4ncnn5ccc(COCC6CNCCOC6)c45)ccc32)c1,6.68,2007,True,2021367
CHEMBL395883,COc1cn2ncnc(Nc3ccc4c(cnn4Cc4cccc(F)c4)c3)c2c1COC[C@@H]1CNCCO1,6.37,2007,False,2021465
CHEMBL396079,c1ccc(Cn2ncc3cc(Nc4ncnn5ccc(COC[C@@H]6CNCCO6)c45)ccc32)nc1,6.3,2007,False,2021456
CHEMBL397122,C[C@@H](c1cccc(F)c1)n1ncc2cc(Nc3ncnn4ccc(COC[C@@H]5CNCCO5)c34)ccc21,6.4,2007,False,2021451
CHEMBL397949,CC(=O)c1cc(NCc2c[nH]cn2)cc2c(Nc3ccc(F)c(Cl)c3)c(C#N)cnc12,6.81,2007,True,1922856
CHEMBL398154,CCOc1cc2ncnc(NC3=CC(=O)C(OCc4ccccn4)=CC3=O)c2cc1NC(=O)/C=C/CN(C)C,7.04,2007,True,1943189
CHEMBL398388,NC(=O)C1CCN(Cc2ccn3ncnc(Nc4ccc5c(cnn5Cc5cccc(F)c5)c4)c23)CC1,6.85,2007,True,1951301
CHEMBL398793,CC1CNCCN(Cc2ccn3ncnc(Nc4ccc5c(cnn5Cc5cccc(F)c5)c4)c23)C1,6.89,2007,True,1951288
CHEMBL398963,Fc1ccc(Nc2ncnc3ccc(C#Cc4cccs4)cc23)cc1Cl,5.79,2007,False,2048890
CHEMBL399371,CCOc1cc2ncnc(/C=C/CCc3ccccc3)c2cc1OCC,8.3,2007,True,2047157
CHEMBL399372,CCOc1cc2ncnc(C#Cc3nccn3-c3ccccc3)c2cc1OCC,7.92,2007,True,2047154
CHEMBL399373,CCOc1cc2ncnc(C#C[C@@](C)(Cc3ccccc3)N3CCC(C(=O)O)CC3)c2cc1OCC,8.38,2007,True,2047151
CHEMBL399438,N#Cc1cnc2cc(-c3ccc(CN4CCOCC4)cc3)ccc2c1N[C@@H]1C[C@H]1c1ccccc1,6.63,2007,True,2045383
CHEMBL399735,COc1cc2ncnc(Nc3cccc(C#Cc4ccccc4)c3)c2cc1OC,6.04,2007,False,2048881
CHEMBL399736,COc1cc2ncnc(Nc3cccc(C#CCO)c3)c2cc1OC,5.78,2007,False,2048880
CHEMBL399928,CC(O)C#Cc1ccc2ncnc(Nc3ccc(F)c(Cl)c3)c2c1,7.03,2007,True,2048886
CHEMBL399953,COc1cc2ncnc(C#CC(C)(C)Cc3ccccc3)c2cc1OC,7.89,2007,True,2047170
CHEMBL400413,CS(=O)(=O)N1CCCN(Cc2ccn3ncnc(Nc4ccc5c(cnn5Cc5cccc(F)c5)c4)c23)CC1,6.68,2007,True,1951294
CHEMBL401054,COc1cc2ncc(C#N)c(N[C@@H]3C[C@H]3c3ccccc3)c2cc1OCCN1CCOCC1,6.39,2007,False,2045394
CHEMBL401251,COCCOc1cc2ncc(C#N)c(N[C@@H]3C[C@H]3c3ccccc3)c2cc1OC,7.28,2007,True,2045390
CHEMBL401443,OC1CCN(Cc2ccn3ncnc(Nc4ccc5c(cnn5Cc5cccc(F)c5)c4)c23)CC1,7.17,2007,True,1951304
CHEMBL401644,COc1ccc2ncc(C#N)c(N[C@@H]3C[C@H]3c3ccccc3)c2c1,5.08,2007,False,2045396
CHEMBL403569,O=C(CO)N1CCC[C@H]1COc1cccc2ncnc(Nc3ccc(OCc4ccccn4)c(Cl)c3)c12,6.49,2007,False,2047575
CHEMBL403785,C[C@@H](COc1cccc2ncnc(Nc3ccc(OCc4ccccn4)c(Cl)c3)c12)N(C)C(=O)CO,5.59,2007,False,2047572
CHEMBL406845,CC(C)(C)n1nc(-c2ccc(Cl)cc2)c2c(N)ncnc21,6.32,2007,False,2136802
CHEMBL407534,O=C(O)/C=C/c1cc(CO)ccc1CO,6.11,2007,False,2136772
CHEMBL408565,O=C1Nc2ccccc2/C1=C/c1cc2c([nH]1)CCC(Br)C2,4.88,2007,False,2137059
CHEMBL413987,C[C@@H](CN(C)C(=O)CO)Oc1cccc2ncnc(Nc3ccc(OCc4ccccn4)c(Cl)c3)c12,6.72,2007,True,2047570
CHEMBL427671,Cc1ccn2ncnc(Nc3ccc4c(cnn4Cc4cccc(F)c4)c3)c12,7.09,2007,True,1951262
CHEMBL428039,CCOc1cc2ncnc(NC3=CC(=O)C(OC)=CC3=O)c2cc1NC(=O)/C=C/CN(C)C,6.1,2007,False,1943194
CHEMBL428046,Fc1cccc(Cn2ncc3cc(Nc4ncnn5ccc(COC[C@H]6CNCCO6)c45)ccc32)c1,7.08,2007,True,2021369
CHEMBL428741,CCOc1cc2ncnc(NC3=CC(=O)C(OCc4cccc(F)c4)=CC3=O)c2cc1NC(=O)/C=C/CN(C)C,8.39,2007,True,1943192
CHEMBL429827,Cc1ccn2ncnc(Nc3ccc4c(cnn4Cc4ccccc4)c3)c12,7.07,2007,True,2021346
CHEMBL436817,N#Cc1cnc2c(Cl)cc(NCc3cnc[nH]3)cc2c1Nc1ccc(F)c(Cl)c1,5.75,2007,False,1922862
CHEMBL437197,COc1cc2ncnc(Nc3cccc(C#CCCCO)c3)c2cc1OC,5.87,2007,False,2048878
CHEMBL450786,Cc1[nH]c(/C=C2\C(=O)Nc3ccc(S(=O)(=O)Cc4c(Cl)cccc4Cl)cc32)c(C)c1C(=O)N1CCC[C@@H]1CN1CCCC1,5.42,2007,False,2206771
CHEMBL534948,Cc1cccc(C)c1Nc1ncc(-c2ccc(OCC3CCCN(C)C3)cc2)n2cncc12.Cl,5.56,2007,False,1856212
CHEMBL553,C#Cc1cccc(Nc2ncnc3cc(OCCOC)c(OCCOC)cc23)c1,9.4,2007,True,2206757
CHEMBL607707,CCOc1cc2ncc(C#N)c(Nc3ccc(F)c(Cl)c3)c2cc1NC(=O)/C=C/CN(C)C,9.22,2007,True,1943156
CHEMBL128000,O=C(/C=C/c1ccc(O)c(O)c1)c1ccc(O)cc1O,4.8,2008,False,2228670
CHEMBL188762,CCC(=O)Nc1ccc2ncnc(Nc3cccc(Br)c3)c2c1,9.37,2008,True,2194205
CHEMBL253292,CCN(CC)CCOc1ccc(Nc2cc(NC(=O)Nc3c(Cl)cccc3Cl)ncn2)cc1,6.42,2008,False,2080192
CHEMBL255135,CNCCOc1n[nH]c2ncnc(Nc3ccc(OCc4ccccn4)c(Cl)c3)c12,7.77,2008,True,2098989
CHEMBL255170,Cc1ccc(Oc2ccc(Nc3ncnc4[nH]nc(OCCN5CCC(O)CC5)c34)cc2Cl)cn1,8.15,2008,True,2098996
CHEMBL255236,COc1ccccc1CO/N=C/c1c(N)ncnc1Nc1ccc2c(cnn2Cc2cccc(F)c2)c1,7.33,2008,True,2173108
CHEMBL255237,COCCO/N=C/c1c(N)ncnc1Nc1ccc2c(cnn2Cc2cccc(F)c2)c1,7.85,2008,True,2173107
CHEMBL255291,CO/N=C/c1c(N)ncnc1NCc1ccc(F)c(Cl)c1,5.95,2008,False,2173127
CHEMBL255438,Nc1ncnc(Nc2ccc3c(cnn3Cc3cccc(F)c3)c2)c1/C=N/OCc1ccccc1,7.64,2008,True,2173109
CHEMBL255490,CO/N=C/c1c(N)ncnc1Nc1ccc(F)c(Cl)c1,7.16,2008,True,2173129
CHEMBL255656,CO/N=C/c1c(N)ncnc1Nc1ccc2c(cnn2Cc2cccc(Cl)c2)c1,7.64,2008,True,2173124
CHEMBL255865,CO/N=C/c1c(N)ncnc1Nc1ccc2c(cnn2Cc2cccc(C#N)c2)c1,7.7,2008,True,2173123
CHEMBL255866,CO/N=C/c1c(N)ncnc1Nc1ccc2[nH]ncc2c1,6.51,2008,True,2173126
CHEMBL255871,CO/N=C/c1c(N)ncnc1Nc1ccc2c(cnn2Cc2cccc(F)c2)c1,8.1,2008,True,2173105
CHEMBL256295,Nc1ncnc(Nc2ccc3c(cnn3Cc3cccc(F)c3)c2)c1/C=N/O,7.92,2008,True,2173113
CHEMBL256297,CO/N=C/c1c(N)ncnc1Nc1ccc(OCc2cccc(F)c2)c(Cl)c1,7.92,2008,True,2173115
CHEMBL256362,Cc1ccc(Oc2ccc(Nc3ncnc4cccc(O[C@H](C)C(=O)N(C)C)c34)cc2C)cn1,5.96,2008,False,2093140
CHEMBL256527,CO/N=C/c1c(N)ncnc1Nc1ccc2c(cnn2Cc2ccc(F)cc2)c1,6.98,2008,True,2173120
CHEMBL256529,CO/N=C/c1c(N)ncnc1Nc1ccc(OCc2cc(F)cc(F)c2)c(Cl)c1,7.48,2008,True,2173121
CHEMBL257411,C[C@@H](Oc1cccc2ncnc(Nc3ccc4c(cnn4Cc4nccs4)c3)c12)C(=O)N1CCOCC1,6.44,2008,False,2082148
CHEMBL257430,Clc1cc(Nc2ncnc3[nH]nc(OCCN4CCNCC4)c23)ccc1OCc1ccccn1,8.1,2008,True,2098985
CHEMBL257478,Cc1ccc(Oc2ccc(Nc3ncnc4cccc(O[C@H](C)C(=O)N(C)CCO)c34)cc2C)cn1,5.7,2008,False,2093141
CHEMBL257814,CO/N=C/c1c(N)ncnc1Nc1ccc2c(c1)CCN2Cc1cccc(F)c1,7.24,2008,True,2173117
CHEMBL257815,CO/N=C/c1c(N)ncnc1Nc1ccc(OCc2ccccc2)c(Cl)c1,7.8,2008,True,2173116
CHEMBL257816,CO/N=C/c1c(N)ncnc1Nc1ccc2c(ccn2Cc2cccc(F)c2)c1,7.89,2008,True,2173119
CHEMBL257859,Clc1cc(Nc2ncnc3[nH]nc(OCCCN4CCOCC4)c23)ccc1OCc1ccccn1,7.8,2008,True,2098980
CHEMBL257860,OC1CCN(CCCOc2n[nH]c3ncnc(Nc4ccc(OCc5ccccn5)c(Cl)c4)c23)CC1,8.05,2008,True,2098979
CHEMBL257861,OCCOc1n[nH]c2ncnc(Nc3ccc(OCc4ccccn4)c(Cl)c3)c12,7.8,2008,True,2098981
CHEMBL257872,Cc1ccc(Oc2ccc(Nc3ncnc4[nH]nc(OCCN5CCC(O)CC5)c34)cc2C)cn1,6.67,2008,True,2098993
CHEMBL257873,Cc1ccc(Oc2ccc(Nc3ncnc4[nH]nc(OCCN5CCC(O)CC5)c34)cc2F)cn1,5.84,2008,False,2098992
CHEMBL258270,CC(=O)N1CCN(CCOc2n[nH]c3ncnc(Nc4ccc(OCc5ccccn5)c(Cl)c4)c23)CC1,8.52,2008,True,2098987
CHEMBL258282,CN1CCN(CCOc2n[nH]c3ncnc(Nc4ccc(OCc5ccccn5)c(Cl)c4)c23)CC1,8.3,2008,True,2098988
CHEMBL258598,Nc1c(Br)cccc1Nc1ncnc2ccncc12,8.0,2008,True,2111190
CHEMBL258694,Cc1nnc(-c2cn3ncnc(Nc4cnc5[nH]ccc5c4)c3c2C(C)C)o1,6.82,2008,True,2164862
CHEMBL260861,COc1cc(Nc2nn3c(N[C@H](CO)Cc4ccccc4)cc(C4CC4)nc3c2C(N)=O)cc(OC)c1,5.62,2008,False,2133123
CHEMBL269889,Fc1c(Br)cccc1Nc1ncnc2ccncc12,7.88,2008,True,2111195
CHEMBL270501,CN(C)CCCCNc1c(Br)cccc1Nc1ncnc2ccncc12,8.13,2008,True,2111142
CHEMBL270695,OCC(O)CNc1c(Br)cccc1Nc1ncnc2ccncc12,9.03,2008,True,2111148
CHEMBL270696,OCCNc1c(Br)cccc1Nc1ncnc2ccncc12,9.61,2008,True,2111150
CHEMBL270713,CN(C)CCNc1c(Br)cccc1Nc1ncnc2ccncc12,7.34,2008,True,2111144
CHEMBL270895,O=S(=O)(O)CCNc1c(Br)cccc1Nc1ncnc2ccncc12,8.85,2008,True,2111126
CHEMBL270921,CC(=O)Nc1c(Br)cccc1Nc1ncnc2ccncc12,7.53,2008,True,2111196
CHEMBL270924,Nc1c(F)cccc1Nc1ncnc2ccncc12,6.07,2008,False,2111181
CHEMBL270966,CN(C)CCN(C)c1c(Br)cccc1Nc1ncnc2ccncc12,7.39,2008,True,2111140
CHEMBL270975,Nc1c(Cl)cccc1Nc1ncnc2ccncc12,6.92,2008,True,2111180
CHEMBL271113,CN(CC(=O)O)c1c(Br)cccc1Nc1ncnc2ccncc12,7.79,2008,True,2111127
CHEMBL271122,O=C(O)CCCNc1c(Br)cccc1Nc1ncnc2ccncc12,9.55,2008,True,2111128
CHEMBL271328,Brc1cccc(Nc2ncnc3cnc(NCCn4ccnc4)nc23)c1,8.63,2008,True,2111157
CHEMBL271334,Brc1cccc(Nc2ncnc3ccncc23)c1NCCCN1CCOCC1,8.72,2008,True,2111138
CHEMBL271408,Cc1cccc(Nc2ncnc3ccncc23)c1NCCCn1ccnc1,8.45,2008,True,2111122
CHEMBL271410,Cc1cccc(Nc2ncnc3ccncc23)c1NCCCN1CCOCC1,8.03,2008,True,2111124
CHEMBL271532,CN1CCN(CCCNc2c(Br)cccc2Nc2ncnc3ccncc23)CC1,8.3,2008,True,2111136
CHEMBL271540,CN(C)c1ccc(Nc2ncnc3ccncc23)c(N)c1,5.31,2008,False,2111182
CHEMBL271587,Cc1cccc(Nc2ncnc3ccncc23)c1NCCCCN(C)C,8.26,2008,True,2111125
CHEMBL271617,Nc1cc(Br)ccc1Nc1ncnc2ccncc12,7.59,2008,True,2111189
CHEMBL271623,OCCN(CCO)CCNc1c(Br)cccc1Nc1ncnc2ccncc12,8.03,2008,True,2111135
CHEMBL271705,Clc1cc(Nc2ncnc3[nH]nc(OCCN4CCOCC4)c23)ccc1OCc1ccccn1,9.0,2008,True,2098982
CHEMBL272187,Brc1cccc(Nc2ncnc3ccncc23)c1NCCc1c[nH]cn1,9.04,2008,True,2111131
CHEMBL272258,Nc1ccccc1Nc1ncnc2ccncc12,6.6,2008,True,2111193
CHEMBL272477,OCN(CO)c1c(Br)cccc1Nc1ncnc2ccncc12,7.85,2008,True,2111146
CHEMBL272634,NNc1c(Br)cccc1Nc1ncnc2ccncc12,8.14,2008,True,2111133
CHEMBL272865,Brc1cccc(Nc2ncnc3ccncc23)c1NCCCn1ccnc1,9.29,2008,True,2111132
CHEMBL272895,Brc1cccc(Nc2ncnc3ccncc23)c1NCCCCN1CCOCC1,8.26,2008,True,2111137
CHEMBL272935,CN1CCN(CCCOc2n[nH]c3ncnc(Nc4ccc(OCc5ccccn5)c(Cl)c4)c23)CC1,7.85,2008,True,2098978
CHEMBL273116,Nc1ccccc1Nc1ncnc2cc(Br)ncc12,6.61,2008,True,2111191
CHEMBL285063,C=CC(=O)Nc1ccc2ncnc(Nc3cccc(Br)c3)c2c1,10.1,2008,True,2194200
CHEMBL328106,COc1cc2ncnc(Nc3ccc(Br)cc3)c2cc1OC,10.14,2008,True,2111205
CHEMBL401713,COc1cc(Nc2ncnc3[nH]nc(OCCN4CCC(O)CC4)c23)ccc1OCc1ccccn1,6.98,2008,True,2098990
CHEMBL402011,C[C@@H](Oc1cccc2ncnc(Nc3ccc4c(cnn4Cc4ccccn4)c3)c12)C(=O)N(C)C,6.75,2008,True,2082143
CHEMBL402113,CO/N=C/c1c(N)ncnc1Nc1ccc2c(cnn2Cc2ccccc2)c1,7.36,2008,True,2173125
CHEMBL402149,CO/N=C/c1c(N)ncnc1Nc1cccc(Br)c1,7.62,2008,True,2173128
CHEMBL402293,CC(C)O/N=C/c1c(N)ncnc1Nc1ccc2c(cnn2Cc2cccc(F)c2)c1,7.85,2008,True,2173110
CHEMBL402294,CCO/N=C/c1c(N)ncnc1Nc1ccc2c(cnn2Cc2cccc(F)c2)c1,8.3,2008,True,2173112
CHEMBL402316,CO/N=C/c1c(N)ncnc1Nc1ccc2[nH]c(Cc3cccc(F)c3)nc2c1,7.32,2008,True,2173118
CHEMBL402339,COc1cc(Nc2ncnc3[nH]nc(OCCN4CCC(O)CC4)c23)ccc1OCc1cccc(F)c1,7.89,2008,True,2098991
CHEMBL402452,Nc1c(O)cccc1Nc1ncnc2ccncc12,7.15,2008,True,2111179
CHEMBL402553,Clc1cc(Nc2ncnc3[nH]nc(OCCN4CCCC4)c23)ccc1OCc1ccccn1,8.1,2008,True,2098986
CHEMBL403357,CO/N=C/c1c(N)ncnc1Nc1ccc2c(cnn2Cc2cccc(OC)c2)c1,6.57,2008,True,2173122
CHEMBL403435,Cc1cc(Nc2ncnc3[nH]nc(OCCN4CCC(O)CC4)c23)ccc1OCc1ccccn1,7.75,2008,True,2098994
CHEMBL404405,OC1CCN(CCOc2n[nH]c3ncnc(Nc4ccc(OCc5ccccn5)c(Cl)c4)c23)CC1,7.89,2008,True,2098997
CHEMBL405398,Brc1cccc(Nc2ncnc3ccncc23)c1NCCN1CCOCC1,8.49,2008,True,2111139
CHEMBL405771,O=C(O)CNc1c(Br)cccc1Nc1ncnc2ccncc12,8.82,2008,True,2111130
CHEMBL405772,Cc1cccc(Nc2ncnc3ccncc23)c1N,7.39,2008,True,2111178
CHEMBL406004,OCCN(CCO)c1c(Br)cccc1Nc1ncnc2ccncc12,7.92,2008,True,2111145
CHEMBL406236,CN(C)c1cccc(Nc2ncnc3ccncc23)c1N,5.74,2008,False,2111183
CHEMBL407591,COc1ccc(Nc2ncnc3ccncc23)c(N)c1,6.17,2008,False,2111185
CHEMBL408105,COc1cc2ncnc(Nc3ccccc3N)c2cn1,5.43,2008,False,2111187
CHEMBL408351,Nc1cc(C(F)(F)F)ccc1Nc1ncnc2ccncc12,5.32,2008,False,2111188
CHEMBL408397,CN(CCO)c1c(Br)cccc1Nc1ncnc2ccncc12,8.58,2008,True,2111149
CHEMBL408399,O=C(O)CCNc1c(Br)cccc1Nc1ncnc2ccncc12,9.21,2008,True,2111129
CHEMBL408647,CN(C)CCCNc1c(Br)cccc1Nc1ncnc2ccncc12,8.05,2008,True,2111143
CHEMBL410253,Cc1cccc(Nc2ncnc3ccncc23)c1NCCCN1CCN(C)CC1,8.25,2008,True,2111123
CHEMBL410635,CN(CC(O)CO)c1c(Br)cccc1Nc1ncnc2ccncc12,8.49,2008,True,2111147
CHEMBL410659,Nc1nccn2c1c(-c1ccc3ccc(-c4ccccc4)nc3c1)nc2[C@H]1C[C@@H](CN2CCC2)C1,5.02,2008,False,2132653
CHEMBL411243,CN(C)CCCCCNc1c(Br)cccc1Nc1ncnc2ccncc12,8.07,2008,True,2111141
CHEMBL411897,COC1CCN(CCOc2n[nH]c3ncnc(Nc4ccc(OCc5ccccn5)c(Cl)c4)c23)CC1,7.55,2008,True,2098983
CHEMBL427832,OCCN(CCO)CCCNc1c(Br)cccc1Nc1ncnc2ccncc12,8.92,2008,True,2111134
CHEMBL428777,C[C@@H](Oc1cccc2ncnc(Nc3ccc(OCc4ccccn4)c(Cl)c3)c12)C(=O)N(C)C,7.66,2008,True,2093098
CHEMBL430031,CC(C)CO/N=C/c1c(N)ncnc1Nc1ccc2c(cnn2Cc2cccc(F)c2)c1,7.5,2008,True,2173111
CHEMBL441332,Nc1c(Nc2ncnc3ccncc23)cccc1[N+](=O)[O-],7.39,2008,True,2111192
CHEMBL441333,COc1c(Br)cccc1Nc1ncnc2ccncc12,7.4,2008,True,2111194
CHEMBL441335,COc1cccc(Nc2ncnc3ccncc23)c1N,6.88,2008,True,2111186
CHEMBL461113,Nc1ncnc(Nc2ccc(OCc3ccccc3)c(Cl)c2)c1C(=O)OCCN1CCOCC1,6.82,2008,True,2239973
CHEMBL461114,Nc1ncnc(Nc2ccc(OCc3ccccc3)c(Cl)c2)c1C(=O)Nc1ccccc1,7.12,2008,True,2239972
CHEMBL461311,Nc1ncnc(Nc2ccc(OCc3ccccc3)c(Cl)c2)c1C=O,7.12,2008,True,2239225
CHEMBL472544,Nc1ncnc(Nc2ccc(OCc3ccccc3)c(Cl)c2)c1C(=O)NNC(=O)CCN1CCOCC1,6.21,2008,False,2239962
CHEMBL472545,Nc1ncnc(Nc2ccc(OCc3ccccc3)c(Cl)c2)c1-c1nnc(CCN2CCOCC2)o1,7.52,2008,True,2239961
CHEMBL500591,N#Cc1c(N)ncnc1Nc1ccc(OCc2ccccc2)c(Cl)c1,7.57,2008,True,2239964
CHEMBL511478,NNC(=O)c1c(N)ncnc1Nc1ccc(OCc2ccccc2)c(Cl)c1,6.34,2008,False,2239963
CHEMBL512391,Nc1ncnc(Nc2ccc(OCc3ccccc3)c(Cl)c2)c1C(=O)O,7.39,2008,True,2239975
CHEMBL516487,COC(=O)c1c(N)ncnc1Nc1ccc(OCc2ccccc2)c(Cl)c1,7.27,2008,True,2239974
CHEMBL539102,COc1ccc2ncnc(Nc3ccccc3)c2c1.Cl,6.92,2008,True,2111233
CHEMBL94061,CN(C)C/C=C/C(=O)Nc1ccc2ncnc(Nc3cccc(Br)c3)c2c1,9.66,2008,True,2194206
CHEMBL447365,O=C(O[C@@H]1CN[C@H](C#Cc2cc3ncnc(Nc4ccc(OCc5cccc(F)c5)c(Cl)c4)c3s2)C1)N1CCOCC1,7.1,2009,True,2246113
CHEMBL450109,O=C(O[C@@H]1CN[C@@H](C#Cc2cc3ncnc(Nc4ccc(OCc5cccc(F)c5)c(Cl)c4)c3s2)C1)N1CCOCC1,7.4,2009,True,2246110
CHEMBL461426,NC(=O)O[C@H]1CN[C@H](C#Cc2cc3ncnc(Nc4ccc(OCc5cccc(F)c5)c(Cl)c4)c3s2)C1,7.4,2009,True,2246100
CHEMBL461869,CCNC(=O)O[C@@H]1CN[C@@H](C#Cc2cc3ncnc(Nc4ccc(OCc5cccc(F)c5)c(Cl)c4)c3s2)C1,7.3,2009,True,2246108
CHEMBL466174,CCNC(=O)O[C@H]1CN[C@@H](C#Cc2cc3ncnc(Nc4ccc(OCc5cccc(F)c5)c(Cl)c4)c3s2)C1,7.5,2009,True,2246114
CHEMBL466412,CN(C)C(=O)O[C@@H]1CN[C@@H](C#Cc2cc3ncnc(Nc4ccc(OCc5cccc(F)c5)c(Cl)c4)c3s2)C1,7.4,2009,True,2246109
CHEMBL466586,CNC(=O)O[C@H]1CN[C@H](C#Cc2cc3ncnc(Nc4ccc(OCc5cccc(F)c5)c(Cl)c4)c3s2)C1,7.3,2009,True,2246101
CHEMBL466614,CCNC(=O)O[C@@H]1CN[C@H](C#Cc2cc3ncnc(Nc4ccc(OCc5cccc(F)c5)c(Cl)c4)c3s2)C1,6.9,2009,True,2246111
CHEMBL466615,CN(C)C(=O)O[C@@H]1CN[C@H](C#Cc2cc3ncnc(Nc4ccc(OCc5cccc(F)c5)c(Cl)c4)c3s2)C1,7.1,2009,True,2246112
CHEMBL499534,O=C(O[C@H]1CN[C@H](C#Cc2cc3ncnc(Nc4ccc(OCc5cccc(F)c5)c(Cl)c4)c3s2)C1)N1CCNCC1,7.2,2009,True,2246106
CHEMBL504034,CS(=O)(=O)CCNC(=O)O[C@H]1CN[C@H](C#Cc2cc3ncnc(Nc4ccc(OCc5cccc(F)c5)c(Cl)c4)c3s2)C1,7.4,2009,True,2246107
CHEMBL507329,O=C(O[C@H]1CN[C@H](C#Cc2cc3ncnc(Nc4ccc(OCc5cccc(F)c5)c(Cl)c4)c3s2)C1)N1CCOCC1,7.19,2009,True,2246105
CHEMBL512076,CCNC(=O)O[C@H]1CN[C@H](C#Cc2cc3ncnc(Nc4ccc(OCc5cccc(F)c5)c(Cl)c4)c3s2)C1,7.5,2009,True,2246102
CHEMBL517123,CN(C)C(=O)O[C@H]1CN[C@H](C#Cc2cc3ncnc(Nc4ccc(OCc5cccc(F)c5)c(Cl)c4)c3s2)C1,7.55,2009,True,2246103
CHEMBL517585,CCN(C)C(=O)O[C@H]1CN[C@H](C#Cc2cc3ncnc(Nc4ccc(OCc5cccc(F)c5)c(Cl)c4)c3s2)C1,7.3,2009,True,2246104
